Timestamp,"/ExampleSubsystem/falcon/BUS_VOLTAGE","/ExampleSubsystem/falcon/CLOSED_LOOP_ERROR","/ExampleSubsystem/falcon/CLOSED_LOOP_TARGET","/ExampleSubsystem/falcon/ERROR_DERIVATIVE","/ExampleSubsystem/falcon/FAULTS","/ExampleSubsystem/falcon/FORWARD_LIMIT_SWITCH","/ExampleSubsystem/falcon/HAS_RESET","/ExampleSubsystem/falcon/INTEGRAL_ACCUMULATOR","/ExampleSubsystem/falcon/INTEGRATED_SENSOR_ABSOLUTE_POSITION","/ExampleSubsystem/falcon/INTEGRATED_SENSOR_POSITION","/ExampleSubsystem/falcon/INTEGRATED_SENSOR_VELOCITY","/ExampleSubsystem/falcon/OUTPUT_PERCENT","/ExampleSubsystem/falcon/OUTPUT_VOLTAGE","/ExampleSubsystem/falcon/REVERSE_LIMIT_SWITCH","/ExampleSubsystem/falcon/SELECTED_SENSOR_POSITION","/ExampleSubsystem/falcon/SELECTED_SENSOR_VELOCITY","/ExampleSubsystem/falcon/SET_FUNCTION_CONTROL_MODE","/ExampleSubsystem/falcon/SET_FUNCTION_DEMAND","/ExampleSubsystem/falcon/SET_FUNCTION_DEMAND_TYPE","/ExampleSubsystem/falcon/SET_FUNCTION_VALUE","/ExampleSubsystem/falcon/SET_NEUTRAL_MODE_IS_BRAKE","/ExampleSubsystem/falcon/SET_SELECTED_SENSOR_POSITION","/ExampleSubsystem/falcon/SET_VOLTAGE","/ExampleSubsystem/falcon/STATOR_CURRENT","/ExampleSubsystem/falcon/SUPPLY_CURRENT","/ExampleSubsystem/falcon/TEMPERATURE","/ExampleSubsystem/falcon3/BUS_VOLTAGE","/ExampleSubsystem/falcon3/CLOSED_LOOP_ERROR","/ExampleSubsystem/falcon3/CLOSED_LOOP_TARGET","/ExampleSubsystem/falcon3/ERROR_DERIVATIVE","/ExampleSubsystem/falcon3/FAULTS","/ExampleSubsystem/falcon3/FORWARD_LIMIT_SWITCH","/ExampleSubsystem/falcon3/HAS_RESET","/ExampleSubsystem/falcon3/INTEGRAL_ACCUMULATOR","/ExampleSubsystem/falcon3/INTEGRATED_SENSOR_ABSOLUTE_POSITION","/ExampleSubsystem/falcon3/INTEGRATED_SENSOR_POSITION","/ExampleSubsystem/falcon3/INTEGRATED_SENSOR_VELOCITY","/ExampleSubsystem/falcon3/OUTPUT_PERCENT","/ExampleSubsystem/falcon3/OUTPUT_VOLTAGE","/ExampleSubsystem/falcon3/REVERSE_LIMIT_SWITCH","/ExampleSubsystem/falcon3/SELECTED_SENSOR_POSITION","/ExampleSubsystem/falcon3/SELECTED_SENSOR_VELOCITY","/ExampleSubsystem/falcon3/SET_FUNCTION_CONTROL_MODE","/ExampleSubsystem/falcon3/SET_FUNCTION_DEMAND","/ExampleSubsystem/falcon3/SET_FUNCTION_DEMAND_TYPE","/ExampleSubsystem/falcon3/SET_FUNCTION_VALUE","/ExampleSubsystem/falcon3/SET_NEUTRAL_MODE_IS_BRAKE","/ExampleSubsystem/falcon3/SET_SELECTED_SENSOR_POSITION","/ExampleSubsystem/falcon3/SET_VOLTAGE","/ExampleSubsystem/falcon3/STATOR_CURRENT","/ExampleSubsystem/falcon3/SUPPLY_CURRENT","/ExampleSubsystem/falcon3/TEMPERATURE","/falcon2/BUS_VOLTAGE","/falcon2/FAULTS","/falcon2/OUTPUT_PERCENT","/loggyMotors/3/BUS_VOLTAGE","/loggyMotors/3/FAULTS","/loggyMotors/3/FORWARD_LIMIT_SWITCH","/loggyMotors/3/HAS_RESET","/loggyMotors/3/INTEGRATED_SENSOR_ABSOLUTE_POSITION","/loggyMotors/3/OUTPUT_PERCENT","/loggyMotors/3/REVERSE_LIMIT_SWITCH","/loggyMotors/3/SELECTED_SENSOR_POSITION","/loggyMotors/3/SELECTED_SENSOR_VELOCITY","/loggyMotors/3/SET_FUNCTION_CONTROL_MODE","/loggyMotors/3/SET_FUNCTION_DEMAND","/loggyMotors/3/SET_FUNCTION_DEMAND_TYPE","/loggyMotors/3/SET_FUNCTION_VALUE","/loggyMotors/3/SET_NEUTRAL_MODE_IS_BRAKE","/loggyMotors/3/SET_SELECTED_SENSOR_POSITION","/loggyMotors/3/SET_VOLTAGE","/loggyMotors/3/STATOR_CURRENT","/loggyMotors/3/SUPPLY_CURRENT","/loggyMotors/3/TEMPERATURE","DS:autonomous","DS:enabled","DS:estop","DS:joystick0/axes","DS:joystick0/buttons","DS:joystick0/povs","DS:joystick1/axes","DS:joystick1/buttons","DS:joystick1/povs","DS:joystick2/axes","DS:joystick2/buttons","DS:joystick2/povs","DS:joystick3/axes","DS:joystick3/buttons","DS:joystick3/povs","DS:joystick4/axes","DS:joystick4/buttons","DS:joystick4/povs","DS:joystick5/axes","DS:joystick5/buttons","DS:joystick5/povs","DS:test","NT:/FMSInfo/.type","NT:/FMSInfo/EventName","NT:/FMSInfo/FMSControlData","NT:/FMSInfo/GameSpecificMessage","NT:/FMSInfo/IsRedAlliance","NT:/FMSInfo/MatchNumber","NT:/FMSInfo/MatchType","NT:/FMSInfo/ReplayNumber","NT:/FMSInfo/StationNumber","NT:/LiveWindow/.status/LW Enabled","NT:/LiveWindow/Ungrouped/.type","NT:/LiveWindow/Ungrouped/Talon FX [1]/.actuator","NT:/LiveWindow/Ungrouped/Talon FX [1]/.name","NT:/LiveWindow/Ungrouped/Talon FX [1]/.type","NT:/LiveWindow/Ungrouped/Talon FX [1]/Value","NT:/LiveWindow/Ungrouped/Talon FX [2]/.actuator","NT:/LiveWindow/Ungrouped/Talon FX [2]/.name","NT:/LiveWindow/Ungrouped/Talon FX [2]/.type","NT:/LiveWindow/Ungrouped/Talon FX [2]/Value","NT:/LiveWindow/Ungrouped/Talon FX [4]/.actuator","NT:/LiveWindow/Ungrouped/Talon FX [4]/.name","NT:/LiveWindow/Ungrouped/Talon FX [4]/.type","NT:/LiveWindow/Ungrouped/Talon FX [4]/Value","NTConnection","messages","systemTime"
0.607475,,,,,,,,,,,,,,,,,,,,,,,,,,,,,,,,,,,,,,,,,,,,,,,,,,,,,,,,,,,,,,,,,,,,,,,,,,,,,,,,,,,,,,,,,,,,,,,,,"FMSInfo",,,,1,0,,0
0.607481,,,,,,,,,,,,,,,,,,,,,,,,,,,,,,,,,,,,,,,,,,,,,,,,,,,,,,,,,,,,,,,,,,,,,,,,,,,,,,,,,,,,,,,,,,,,,,,,,,"",32,"",,,0,,1,0
0.726717,,,,,,,,,,,,,,,,,,,,,,,,,,,,,,,,,,,,,,,,,,,,,,,,,,,,,,,,,,,,,,,,,,,,,,,,,,,0,0,0,0;0;0,<invalid>,-1,,<invalid>,,,<invalid>,,,<invalid>,,,<invalid>,,,<invalid>,,0,,,,,,,,,,,,,,,,,,,,,,,,,"LoggyMotor /falcon2/ log levels set to [OUTPUT_PERCENT; FAULTS; BUS_VOLTAGE]"
0.743521,,,,,,,,,,,,,,,,,,,,,,,,,,,,,,,,,,,,,,,,,,,,,,,,,,,,,,,,,,,,,,,,,,,,,,,,,,,,,,,,,,,,,,,,,,,,,,,,,,,,,,,,,,,"LW Subsystem",1,"Talon FX [1]","Motor Controller",0,1,"Talon FX [2]","Motor Controller",0,1,"Talon FX [4]","Motor Controller",0,,"LoggyMotor /loggyMotors/3/ log levels set to [SET_FUNCTION_CONTROL_MODE; SET_FUNCTION_VALUE; SET_FUNCTION_DEMAND_TYPE; SET_FUNCTION_DEMAND; SET_VOLTAGE; SET_SELECTED_SENSOR_POSITION; SET_NEUTRAL_MODE_IS_BRAKE; OUTPUT_PERCENT; FAULTS; FORWARD_LIMIT_SWITCH; REVERSE_LIMIT_SWITCH; SELECTED_SENSOR_POSITION; SELECTED_SENSOR_VELOCITY; STATOR_CURRENT; SUPPLY_CURRENT; BUS_VOLTAGE; TEMPERATURE; INTEGRATED_SENSOR_ABSOLUTE_POSITION; HAS_RESET]"
3.536967,12,0,3,0," UnderVoltage:0 ForwardLimitSwitch:0 ReverseLimitSwitch:0 ForwardSoftLimit:0 ReverseSoftLimit:0 HardwareFailure:0 ResetDuringEn:0 SensorOverflow:0 SensorOutOfPhase:0 HardwareESDReset:0 RemoteLossOfSignal:0 APIError:0 SupplyOverV:0 SupplyUnstable:0",0,1,0,0,0,0,0,0,0,0,0,"Position",0,"Neutral",3.534038,,,,0,0,0,12,,,," UnderVoltage:0 ForwardLimitSwitch:0 ReverseLimitSwitch:0 ForwardSoftLimit:0 ReverseSoftLimit:0 HardwareFailure:0 ResetDuringEn:0 SensorOverflow:0 SensorOutOfPhase:0 HardwareESDReset:0 RemoteLossOfSignal:0 APIError:0 SupplyOverV:0 SupplyUnstable:0",0,1,,0,0,0,0,0,0,0,0,"PercentOutput",0,"Neutral",-0.9234452577104934,,,,0,0,0,12," UnderVoltage:0 ForwardLimitSwitch:0 ReverseLimitSwitch:0 ForwardSoftLimit:0 ReverseSoftLimit:0 HardwareFailure:0 ResetDuringEn:0 SensorOverflow:0 SensorOutOfPhase:0 HardwareESDReset:0 RemoteLossOfSignal:0 APIError:0 SupplyOverV:0 SupplyUnstable:0",0,12,"0",0,,,0,0,0,0,"PercentOutput",,,0,,,,0,,25,,1,,,,,,,,,,,,,,,,,,,,,,,33
3.572749,,,,,,,,,,,,,,,,,,,,3.572717,,,,,,,,,,,,,,,,,,,,,,,,,,-0.9166336985659822
3.592755,,,,,,,,,,,,,,,,,,,,3.592669,,,,,,,,,,,,,,,,,,,,,,,,,,-0.8999435296203232
3.632587,,,,,,,,,,,,,,,,,,,,3.63253,,,,,,,,,,,,,,,,,,,,,,,,,,-0.8818668148366126
3.672552,,,,,,,0,,,,,,,,,,,,,3.672429,,,,,,,,,,,,,0,,,,,-0.8768328445747801,-10.52199413489736,,,,,,,-0.8623242237461588,,,,,,,,,-0.4496578690127077
3.713388,,,,,,,,,,,,,,,,,,,,3.713331,,,,,,,,,,,,,,,,,,,,,,,,,,-0.8409329569490271
3.753262,,,,,,,,,,,,,,,,,,,,3.753188,,,,,,,,,,,,,,,,,,,,,,,,,,-0.8186934331526077
3.793181,,,,,,,,,,,,,,,,,,,,3.793113,,,,,,,,,,,,,,,,,,-0.8103616813294232,-9.724340175953078,,,,,,,-0.7951257942318548,,,,,,,,,-0.5562072336265884
3.833062,,,,,,,,,,,,,,,,,,,,3.833009,,,,,,,,,,,,,,,,,,,,,,,,,,-0.770311802163916
3.872913,,,,,,,,,,,,,,,,,,,,3.872862,,,,,,,,,,,,,,,,,,,,,,,,,,-0.744295925541232
3.912876,,3,,,,,,582,,,,,,,,,,,,3.912811,,,,,,,,,,,,,,,,,,-0.7331378299120235,-8.79765395894428,,,,,,,-0.7170187871699546,,,,,,,,,-0.6373411534701857
3.952771,,,,,,,,,,,,,,,,,,,,3.952706,,,,,,,,,,,,,,,,,,,,,,,,,,-0.6886473936641003
3.972713,,,,,,,,,,,,,,,,,,,,3.972651,,,,,,,,,,,,,,,,,,,,,,,,,,-0.6740515526803221
3.992717,,,,,,,,,,,,,,,,,,,,3.992668,,,,,,,,,,,,,,,,,,,,,,,,,,-0.6591410375586183
4.032587,,,4,,,,,,,,,,,,,,,,,4.032537,,,,,,,,,,,,,,,,,,-0.6441837732160313,-7.730205278592376,,,,,,,-0.6286444809059051,,,,,,,,,-0.7409579667644184
4.072493,,,,,,,,,,,,,,,,,"Position",0,"Neutral",4.072468,,,,,,,,,,,,,,,,,,,,,,,"PercentOutput",0,"Neutral",-0.6129912199611968,,,,,,,,,,,,,,,,,,,"PercentOutput",,,0
4.072528,,,,,,,,,,,,,,,,,,,,,,,,,,,,,,,,,,,,,,,,,,,,,,-0.597087137258525
4.113152,,,,,,,,,,,,,,,,,,,,4.113095,,,,,,,,,,,,,,,,,,,,,,,,,,-0.5640150391217224
4.153016,12,4,,0," UnderVoltage:0 ForwardLimitSwitch:0 ReverseLimitSwitch:0 ForwardSoftLimit:0 ReverseSoftLimit:0 HardwareFailure:0 ResetDuringEn:0 SensorOverflow:0 SensorOutOfPhase:0 HardwareESDReset:0 RemoteLossOfSignal:0 APIError:0 SupplyOverV:0 SupplyUnstable:0",0,,1333,0,0,0,0,0,0,0,0,,,,4.152968,,,,0,0,0,12,,,," UnderVoltage:0 ForwardLimitSwitch:0 ReverseLimitSwitch:0 ForwardSoftLimit:0 ReverseSoftLimit:0 HardwareFailure:0 ResetDuringEn:0 SensorOverflow:0 SensorOutOfPhase:0 HardwareESDReset:0 RemoteLossOfSignal:0 APIError:0 SupplyOverV:0 SupplyUnstable:0",0,,,0,0,0,-0.544477028347996,-6.533724340175953,0,0,0,,,,-0.5306582383108263,,,,0,0,0,12," UnderVoltage:0 ForwardLimitSwitch:0 ReverseLimitSwitch:0 ForwardSoftLimit:0 ReverseSoftLimit:0 HardwareFailure:0 ResetDuringEn:0 SensorOverflow:0 SensorOutOfPhase:0 HardwareESDReset:0 RemoteLossOfSignal:0 APIError:0 SupplyOverV:0 SupplyUnstable:0",-0.8172043010752689,12,"0",0,,,0,0,0,0,,,,,,,,0,,25
4.192913,,,,,,,,,,,,,,,,,,,,4.192863,,,,,,,,,,,,,,,,,,,,,,,,,,-0.4964287876848398
4.232815,,,,,,,,,,,,,,,,,,,,4.232756,,,,,,,,,,,,,,,,,,,,,,,,,,-0.4614048051749377
4.272695,,,,,,,0,,,,,,,,,,,,,4.272637,,,,,,,,,,,,,0,,,,,-0.4389051808406647,-5.266862170087976,,,,,,,-0.42566528801418524,,,,,,,,,-0.8817204301075269
4.292612,,,,,,,,,,,,,,,,,,,,4.292569,,,,,,,,,,,,,,,,,,,,,,,,,,-0.40755954571423725
4.332689,,,,,,,,,,,,,,,,,,,,4.332636,,,,,,,,,,,,,,,,,,,,,,,,,,-0.37064462144280474
4.372562,,,,,,,,2297,,,,,,,,,,,,4.372502,,,,,,,,,,,,,,,,,,,,,,,,,,-0.33333340020731345
4.392509,,,,,,,,,,,,,,,,,,,,4.392464,,,,,,,,,,,,,,,,,,-0.3255131964809384,-3.906158357771261,,,,,,,-0.3144554792991357,,,,,,,,,-0.9325513196480938
4.433408,,,,,,,,,,,,,,,,,,,,4.433343,,,,,,,,,,,,,,,,,,,,,,,,,,-0.2753819389209394
4.473277,,,,,,,,,,,,,,,,,,,,4.473235,,,,,,,,,,,,,,,,,,,,,,,,,,-0.2368428802870767
4.493262,,,,,,,,,,,,,,,,,,,,4.493211,,,,,,,,,,,,,,,,,,-0.22580645161290322,-2.7096774193548385,,,,,,,-0.21738146675864853,,,,,,,,,-0.9638318670576735
4.533126,,,,,,,,,,,,,,,,,,,,4.533082,,,,,,,,,,,,,,,,,,,,,,,,,,-0.17830736469256303
4.573029,,,,,,,,,,,,,,,,,"Position",0,"Neutral",4.573008,,,,,,,,,,,,,,,,,,,,,,,"PercentOutput",0,"Neutral",-0.15864091189680557,,,,,,,,,,,,,,,,,,,"PercentOutput",,,0
4.593052,,,4,,,,,3269,,,,,,,,,,,,4.592941,,,,,,,,,,,,,,,,,,-0.10361681329423265,-1.2434017595307918,,,,,,,-0.11910655231047321
4.612903,,,,,,,,,,,,,,,,,,,,4.612848,,,,,,,,,,,,,,,,,,,,,,,,,,-0.09932493698788505,,,,,,,,,-0.989247311827957
4.652805,,,,,,,,,,,,,,,,,,,,4.652764,,,,,,,,,,,,,,,,,,,,,,,,,,-0.05955172497367321
4.692692,,,,,,,,,,,,,,,,,,,,4.692652,,,,,,,,,,,,,,,,,,,,,,,,,,-0.01969870618438853
4.725403,12,4,,0," UnderVoltage:0 ForwardLimitSwitch:0 ReverseLimitSwitch:0 ForwardSoftLimit:0 ReverseSoftLimit:0 HardwareFailure:0 ResetDuringEn:0 SensorOverflow:0 SensorOutOfPhase:0 HardwareESDReset:0 RemoteLossOfSignal:0 APIError:0 SupplyOverV:0 SupplyUnstable:0",0,,,0,0,0,0,0,0,0,0,,,,4.712598,,,,0,0,0,12,,,," UnderVoltage:0 ForwardLimitSwitch:0 ReverseLimitSwitch:0 ForwardSoftLimit:0 ReverseSoftLimit:0 HardwareFailure:0 ResetDuringEn:0 SensorOverflow:0 SensorOutOfPhase:0 HardwareESDReset:0 RemoteLossOfSignal:0 APIError:0 SupplyOverV:0 SupplyUnstable:0",0,,,0,0,0,0,0,0,0,0,,,,0.0002460196128280781,,,,0,0,0,12," UnderVoltage:0 ForwardLimitSwitch:0 ReverseLimitSwitch:0 ForwardSoftLimit:0 ReverseSoftLimit:0 HardwareFailure:0 ResetDuringEn:0 SensorOverflow:0 SensorOutOfPhase:0 HardwareESDReset:0 RemoteLossOfSignal:0 APIError:0 SupplyOverV:0 SupplyUnstable:0",-0.9990224828934506,12,"0",0,,,0,0,0,0,,,,,,,,0,,25
4.733577,,,,,,,,,,,,,,,,,,,,4.733529,,,,,,,,,,,,,,,,,,,,,,,,,,0.021182435217933733
4.772535,,,,,,,,,,,,,,,,,,,,4.772429,,,,,,,,,,,,,,,,,,,,,,,,,,0.060105769930927734
4.813384,,,,,,,,,,,,,,,,,,,,4.813327,,,,,,,,,,,,,,,,,,,,,,,,,,0.10082043101102933
4.853251,,,,,,,0,4225,,,,,,,,,,,,4.853216,,,,,,,,,,,,,0,,,,,0.0635386119257087,0.7624633431085044,,,,,,,0.14039466811399923,,,,,,,,,-0.9941348973607038
4.892811,,,,,,,,,,,,,,,,,,,,4.892771,,,,,,,,,,,,,,,,,,,,,,,,,,0.17944180750266087
4.93268,,,,,,,,,,,,,,,,,,,,4.932644,,,,,,,,,,,,,,,,,,,,,,,,,,0.21851166746771508
4.972625,,,,,,,,,,,,,,,,,,,,4.972607,,,,,,,,,,,,,,,,,,0.18572825024437928,2.228739002932551,,,,,,,0.23795518531528476,,,,,,,,,-0.9745845552297165
4.992516,,,,,,,,,,,,,,,,,,,,4.99248,,,,,,,,,,,,,,,,,,,,,,,,,,0.2764757971852838
5.032559,,,,,,,,,,,,,,,,,,,,5.032524,,,,,,,,,,,,,,,,,,,,,,,,,,0.3147260463449521
5.072464,,,5,,,,,5189,,,,,,,,,"Position",0,"Neutral",5.072426,,,,,,,,,,,,,,,,,,0.2854349951124145,3.425219941348974,,,,"PercentOutput",0,"Neutral",0.35234163529065027,,,,,,,,,-0.9472140762463344,,,,,,,,,,"PercentOutput",,,0
5.11335,,,,,,,,,,,,,,,,,,,,5.113325,,,,,,,,,,,,,,,,,,,,,,,,,,0.37186196271129074
5.133289,,,,,,,,,,,,,,,,,,,,5.133249,,,,,,,,,,,,,,,,,,,,,,,,,,0.40858026031128225
5.173202,,,,,,,,,,,,,,,,,,,,5.173128,,,,,,,,,,,,,,,,,,0.4027370478983382,4.832844574780058,,,,,,,0.4446379532816621
5.193129,,,,,,,,,,,,,,,,,,,,5.193093,,,,,,,,,,,,,,,,,,,,,,,,,,0.46243366937444075,,,,,,,,,-0.9002932551319648
5.233048,,,,,,,,,,,,,,,,,,,,5.232998,,,,,,,,,,,,,,,,,,,,,,,,,,0.4800441323232701
5.253025,,,,,,,,,,,,,,,,,,,,5.252929,,,,,,,,,,,,,,,,,,,,,,,,,,0.5146788350256782
5.292867,12,5,,0," UnderVoltage:0 ForwardLimitSwitch:0 ReverseLimitSwitch:0 ForwardSoftLimit:0 ReverseSoftLimit:0 HardwareFailure:0 ResetDuringEn:0 SensorOverflow:0 SensorOutOfPhase:0 HardwareESDReset:0 RemoteLossOfSignal:0 APIError:0 SupplyOverV:0 SupplyUnstable:0",0,,6389,0,0,0,0,0,0,0,0,,,,5.292828,,,,0,0,0,,,,,,,,,,,,,,,,,,,,0.5484178663007384
5.31288,,,,,,,,,,,,,,,,,,,,5.312816,,,,,,,12,,,," UnderVoltage:0 ForwardLimitSwitch:0 ReverseLimitSwitch:0 ForwardSoftLimit:0 ReverseSoftLimit:0 HardwareFailure:0 ResetDuringEn:0 SensorOverflow:0 SensorOutOfPhase:0 HardwareESDReset:0 RemoteLossOfSignal:0 APIError:0 SupplyOverV:0 SupplyUnstable:0",0,,,0,0,0,0.5112414467253177,6.134897360703812,0,0,0,,,,0.5650451861098255,,,,0,0,0,12," UnderVoltage:0 ForwardLimitSwitch:0 ReverseLimitSwitch:0 ForwardSoftLimit:0 ReverseSoftLimit:0 HardwareFailure:0 ResetDuringEn:0 SensorOverflow:0 SensorOutOfPhase:0 HardwareESDReset:0 RemoteLossOfSignal:0 APIError:0 SupplyOverV:0 SupplyUnstable:0",-0.8396871945259042,12,"0",0,,,0,0,0,0,,,,,,,,0,,25
5.332204,,,,,,,,,,,,,,,,,,,,5.332171,,,,,,,,,,,,,,,,,,,,,,,,,,0.5808829710742959
5.373073,,,,,,,,,,,,,,,,,,,,5.373031,,,,,,,,,,,,,,,,,,,,,,,,,,0.6136554995336102
5.412961,,,,,,,0,,,,,,,,,,,,,5.412926,,,,,,,,,,,,,0,,,,,0.5972629521016618,7.167155425219942,,,,,,,0.6446535576030867,,,,,,,,,-0.7800586510263929
5.452861,,,,,,,,,,,,,,,,,,,,5.452824,,,,,,,,,,,,,,,,,,,,,,,,,,0.6746349318419429
5.492748,,,,,,,,,,,,,,,,,,,,5.492709,,,,,,,,,,,,,,,,,,,,,,,,,,0.7035331844518246
5.532656,,,,,,,,7609,,,,,,,,,,,,5.532622,,,,,,,,,,,,,,,,,,0.6901270772238515,8.281524926686217,,,,,,,0.7313266060505327,,,,,,,,,-0.6989247311827957
5.55257,,,,,,,,,,,,,,,,,,,,5.552529,,,,,,,,,,,,,,,,,,,,,,,,,,0.7447599276523716
5.59292,,,,,,,,,,,,,,,,,"Position",0,"Neutral",5.592862,,,,,,,,,,,,,,,,,,,,,,,"PercentOutput",0,"Neutral",0.7710745629981007,,,,,,,,,,,,,,,,,,,"PercentOutput",,,0
5.632303,,,5,,,,,,,,,,,,,,,,,5.63227,,,,,,,,,,,,,,,,,,0.7605083088954057,9.126099706744867,,,,,,,0.7955483166668041,,,,,,,,,-0.6217008797653959
5.67263,,,,,,,,,,,,,,,,,,,,5.672614,,,,,,,,,,,,,,,,,,,,,,,,,,0.8077285269822422
5.692607,,,,,,,,,,,,,,,,,,,,5.692547,,,,,,,,,,,,,,,,,,,,,,,,,,0.8306171220663994
5.712533,,,,,,,,,,,,,,,,,,,,5.712499,,,,,,,,,,,,,,,,,,,,,,,,,,0.8415477098472148
5.75344,,,,,,,,,,,,,,,,,,,,5.753409,,,,,,,,,,,,,,,,,,0.833822091886608,10.005865102639296,,,,,,,0.8629347876125085,,,,,,,,,-0.520039100684262
5.793285,,,,,,,,,,,,,,,,,,,,5.793251,,,,,,,,,,,,,,,,,,,,,,,,,,0.8823788311699807
5.833177,,,,,,,,,,,,,,,,,,,,5.833145,,,,,,,,,,,,,,,,,,,,,,,,,,0.9004426190369721
5.873043,12,5,,0," UnderVoltage:0 ForwardLimitSwitch:0 ReverseLimitSwitch:0 ForwardSoftLimit:0 ReverseSoftLimit:0 HardwareFailure:0 ResetDuringEn:0 SensorOverflow:0 SensorOutOfPhase:0 HardwareESDReset:0 RemoteLossOfSignal:0 APIError:0 SupplyOverV:0 SupplyUnstable:0",0,,8814,0,0,0,0,0,0,0,0,,,,5.873006,,,,0,0,0,12,,,," UnderVoltage:0 ForwardLimitSwitch:0 ReverseLimitSwitch:0 ForwardSoftLimit:0 ReverseSoftLimit:0 HardwareFailure:0 ResetDuringEn:0 SensorOverflow:0 SensorOutOfPhase:0 HardwareESDReset:0 RemoteLossOfSignal:0 APIError:0 SupplyOverV:0 SupplyUnstable:0",0,,,0,0,0,0.8963831867057673,10.756598240469208,0,0,0,,,,0.9170632910796066,,,,0,0,0,12," UnderVoltage:0 ForwardLimitSwitch:0 ReverseLimitSwitch:0 ForwardSoftLimit:0 ReverseSoftLimit:0 HardwareFailure:0 ResetDuringEn:0 SensorOverflow:0 SensorOutOfPhase:0 HardwareESDReset:0 RemoteLossOfSignal:0 APIError:0 SupplyOverV:0 SupplyUnstable:0",-0.41055718475073316,12,"0",0,,,0,0,0,0,,,,,,,,0,,25
5.912441,,,,,,,,,,,,,,,,,,,,5.912403,,,,,,,,,,,,,,,,,,,,,,,,,,0.9320572097967392
5.953326,,,,,,,0,,,,,,,,,,,,,5.953289,,,,,,,,,,,,,,,,,,,,,,,,,,0.9460853333829683
5.973257,,,,,,,,,,,,,,,,,,,,5.973221,,,,,,,,,,,,,0,,,,,0.9364613880742912,11.237536656891495,,,,,,,0.9523548279696769,,,,,,,,,-0.3147605083088954
5.993211,,,,,,,,,,,,,,,,,,,,5.993178,,,,,,,,,,,,,,,,,,,,,,,,,,0.9582506502584579
6.033122,,,,,,,,,,,,,,,,,,,,6.033085,,,,,,,,,,,,,,,,,,,,,,,,,,0.9688962623896398
6.072993,,,,,,,,,,,,,,,,,,,,6.072981,,,,,,,,,,,,,,,,,,,,,,,,,,0.9736321173482758
6.093071,,,6,,,,,10019,,,,,,,,,"Position",0,"Neutral",6.092986,,,,,,,,,,,,,,,,,,0.9726295210166178,11.671554252199414,,,,"PercentOutput",0,"Neutral",0.9819811289736201,,,,,,,,,-0.19550342130987292,,,,,,,,,,"PercentOutput",,,0,,,,,,,,,,0;0;0
6.112026,,,,,,,,,,,,,,,,,,,,6.111967,,,,,,,,,,,,,,,,,,,,,,,,,,0.9853872890248493,,,,,,,,,,,,,,,,,,,,,,,,,,,,,,,,-0.05;0;0
6.132927,,,,,,,,,,,,,,,,,,,,6.132886,,,,,,,,,,,,,,,,,,,,,,,,,,0.988732144618216,,,,,,,,,,,,,,,,,,,,,,,,,,,,,,,,-0.2;0;0
6.152874,,,,,,,,,,,,,,,,,,,,6.152844,,,,,,,,,,,,,,,,,,,,,,,,,,0.9915212297413044,,,,,,,,,,,,,,,,,,,,,,,,,,,,,,,,-0.35000002;0;0
6.192754,,,,,,,,,,,,,,,,,,,,6.192722,,,,,,,,,,,,,,,,,,,,,,,,,,0.9959136944949476,,,,,,,,,,,,,,,,,,,,,,-0.10000000149011612,,,,,,,,,,-0.50000006;0;0
6.212718,,,,,,,,,,,,,,,,,,,,6.212685,,,,,,,,,,,,,,,,,,0.9921798631476051,11.906158357771261,,,,,,,0.997518065719151,,,,,,,,,-0.07233626588465299,,,,,,,,,,,,,-0.25,,,,,,,,,,-0.6500001;-0.1;0
6.232642,,,,,,,,,,,,,,,,,,,,6.232612,,,,,,,,,,,,,,,,,,,,,,,,,,0.9987228579023387,,,,,,,,,,,,,,,,,,,,,,-0.40000003576278687,,,,,,,,,,-0.80000013;-0.25;0
6.25261,,,,,,,,,,,,,,,,,,,,6.252576,,,,,,,,,,,,,,,,,,,,,,,,,,0.9995325505655253,,,,,,,,,,,,,,,,,,,,,,-0.5500000715255737,,,,,,,,,,-0.95000017;-0.40000004;0
6.272584,,,,,,,,,,,,,,,,,,,,6.272524,,,,,,,,,,,,,,,,,,,,,,,,,,0.9999435625793486,,,,,,,,,,,,,,,,,,,,,,,,,,,,,,,,-1;-0.5500001;0
6.313451,,6,,,,,,11421,,,,,,,,,,,,6.313418,,,,,,,,,,,,,,,,,,0.9990224828934506,11.988269794721408,,,,,,,0.9995420893997234,,,,,,,,,0,,,,,,,,,,,,,-0.8500001430511475,,,,,,,,,,-1;-0.7000001;0
6.333181,,,,,,,,,,,,,,,,,,,,6.333143,,,,,,,,,,,,,,,,,,,,,,,,,,0.9987505256293276,,,,,,,,,,,,,,,,,,,,,,-1,,,,,,,,,,-1;-0.85000014;0
6.353064,,,,,,,,,,,,,,,,,,,,6.353032,,,,,,,,,,,,,,,,,,,,,,,,,,0.997559617124783,,,,,,,,,,,,,,,,,,,,,,,,,,,,,,,,-1;-1;0
6.392964,,,,,,,,,,,,,,,,,,,,6.392933,,,,,,,,,,,,,,,,,,,,,,,,,,0.9939805874568777,,,,,,,,,,,,,,,,,,,,,,-0.949999988079071,,,,,,,,,,-0.79999995;-1;0
6.413,12,,,0," UnderVoltage:0 ForwardLimitSwitch:0 ReverseLimitSwitch:0 ForwardSoftLimit:0 ReverseSoftLimit:0 HardwareFailure:0 ResetDuringEn:0 SensorOverflow:0 SensorOutOfPhase:0 HardwareESDReset:0 RemoteLossOfSignal:0 APIError:0 SupplyOverV:0 SupplyUnstable:0",0,,,0,0,0,0,0,0,0,0,,,,6.412885,,,,0,0,0,12,,,," UnderVoltage:0 ForwardLimitSwitch:0 ReverseLimitSwitch:0 ForwardSoftLimit:0 ReverseSoftLimit:0 HardwareFailure:0 ResetDuringEn:0 SensorOverflow:0 SensorOutOfPhase:0 HardwareESDReset:0 RemoteLossOfSignal:0 APIError:0 SupplyOverV:0 SupplyUnstable:0",0,,,0,0,0,0.9921798631476051,11.906158357771261,0,0,0,,,,0.9915968985291147,,,,0,0,0,12," UnderVoltage:0 ForwardLimitSwitch:0 ReverseLimitSwitch:0 ForwardSoftLimit:0 ReverseSoftLimit:0 HardwareFailure:0 ResetDuringEn:0 SensorOverflow:0 SensorOutOfPhase:0 HardwareESDReset:0 RemoteLossOfSignal:0 APIError:0 SupplyOverV:0 SupplyUnstable:0",0.07233626588465299,12,"0",0,,,0,0,0,0,,,,-0.7999999523162842,,,,0,,25,,,,-0.49999988;-0.95;0
6.432867,,,,,,,,,,,,,,,,,,,,6.432825,,,,,,,,,,,,,,,,,,,,,,,,,,0.98881889331964,,,,,,,,,,,,,,,,,,,,,,-0.6499999165534973,,,,,,,,,,-0.19999984;-0.79999995;0
6.452816,,,,,,,,,,,,,,,,,,,,6.452786,,,,,,,,,,,,,,,,,,,,,,,,,,0.9856475175881821,,,,,,,,,,,,,,,,,,,,,,-0.49999988079071045,,,,,,,,,,0;-0.6499999;0
6.472736,,,,,,,,,,,,,,,,,,,,6.472702,,,,,,,,,,,,,,,,,,,,,,,,,,0.9820893684831974,,,,,,,,,,,,,,,,,,,,,,-0.3499998450279236,,,,,,,,,,-0.05;-0.49999988;0
6.512655,,,,,,,,,,,,,,,,,,,,6.512619,,,,,,,,,,,,,,,,,,,,,,,,,,0.9737876111275683,,,,,,,,,,,,,,,,,,,,,,-0.14999984204769135,,,,,,,,,,-0.2;-0.34999985;0
6.53267,,,,,,,0,12867,,,,,,,,,,,,6.532567,,,,,,,,,,,,,0,,,,,0.9726295210166178,11.671554252199414,,,,,,,0.9690582972207196,,,,,,,,,0.19452590420332355,,,,,,,,,,,,,0.050000157207250595,,,,,,,,,,-0.35000002;-0.14999984;0
6.552519,,,,,,,,,,,,,,,,,,,,6.552488,,,,,,,,,,,,,,,,,,,,,,,,,,0.9639489396601301,,,,,,,,,,,,,,,,,,,,,,0.20000015199184418,,,,,,,,,,-0.50000006;0.050000157;0
6.573458,,,,,,,,,,,,,,,,,,,,6.573426,,,,,,,,,,,,,,,,,,,,,,,,,,0.9581678662379004,,,,,,,,,,,,,,,,,,,,,,0.35000017285346985,,,,,,,,,,-0.6500001;0.20000015;0
6.612846,,,,,,,,,,,,,,,,,"Position",0,"Neutral",6.612812,,,,,,,,,,,,,,,,,,,,,,,"PercentOutput",0,"Neutral",0.9461528866358105,,,,,,,,,,,,,,,,,,,"PercentOutput",,,0.5000001788139343,,,,,,,,,,-0.80000013;0.35000017;0
6.632041,,,,,,,,,,,,,,,,,,,,6.63201,,,,,,,,,,,,,,,,,,,,,,,,,,0.9397651618025779,,,,,,,,,,,,,,,,,,,,,,0.6500002145767212,,,,,,,,,,-0.80000013;0.5000002;0
6.652992,,,6,,,,,,,,,,,,,,,,,6.652906,,,,,,,,,,,,,,,,,,0.9364613880742912,11.237536656891495,,,,,,,0.9324181927186741,,,,,,,,,0.31378299120234604,,,,,,,,,,,,,0.8000002503395081,,,,,,,,,,-0.7000001;0.6500002;0
6.672862,,,,,,,,,,,,,,,,,,,,6.672833,,,,,,,,,,,,,,,,,,,,,,,,,,0.9250326889370272,,,,,,,,,,,,,,,,,,,,,,0.7500002384185791,,,,,,,,,,-0.40000004;0.80000025;0
6.712787,,,,,,,,,,,,,,,,,,,,6.712749,,,,,,,,,,,,,,,,,,,,,,,,,,0.9091325532166123,,,,,,,,,,,,,,,,,,,,,,0.6000002026557922,,,,,,,,,,-0.10000001;0.75000024;0
6.732756,,,,,,,,,,,,,,,,,"PercentOutput",,,0.2499999850988388,,,,,,,,,,,,,,,,,,,,,,,,,,0.9006394026452422,,,,,,,,,,,,,,,,,,,,,,0.45000016689300537,,,,,,,,,,0.099999994;0.6000002;0
6.752688,,,,,,,,,,,,,,,,,,,,0.3499999940395355,,,,,,,,,,,,,,,,,,,,,,,,,,0.8917943064223598,,,,,,,,,,,,,,,,,,,,,,0.3000001311302185,,,,,,,,,,0.24999999;0.45000017;0
6.772757,,,,,,,,,,,,0.3235581622678397,3.8826979472140764,,,,,,,0.14999999105930328,,,,,,,,,,,,,,,,,,0.8866080156402737,10.639296187683284,,,,,,,0.8825700864143926,,,,,,,,,0.4291300097751711,,,,,,,,,,,,,0.15000012516975403,,,,,,,,,,0.35;0.30000013;0
6.797729,,,,,,,,,,,,,,,,,,,,,,,,,,,,,,,,,,,,,,,,,,,,,,0.8730344807442835,,,,,,,,,,,,,,,,,,,,,,,,,,,,,,,,0.14999999;0.15000013;0
6.832463,,,,,,,,,,,,,,,,,"Position",,,6.832424,,,,,,,,,,,,,,,,,,,,,,,,,,0.8529028845129187,,,,,,,,,,,,,,,,,,,,,,0,,,,,,,,,,-0.1;1.2665987e-07;0
6.853445,,,,,,,,,,,,,,,,,,,,6.853404,,,,,,,,,,,,,,,,,,,,,,,,,,0.8417640472949154,,,,,,,,,,,,,,,,,,,,,,-0.10000000149011612,,,,,,,,,,-0.25;0;0
6.873368,,6,,,,,,14313,,,,0,0,,,,,,,6.873263,,,,,,,,,,,,,,,,,,0.8347996089931574,10.017595307917889,,,,,,,0.8308824275418144,,,,,,,,,0.520039100684262,,,,,,,,,,,,,-0.25,,,,,,,,,,-0.40000004;-0.1;0
6.913188,,,,,,,,,,,,,,,,,,,,6.913157,,,,,,,,,,,,,,,,,,,,,,,,,,0.8080271001404433,,,,,,,,,,,,,,,,,,,,,,-0.40000003576278687,,,,,,,,,,-0.5500001;-0.25;0
6.933117,,,,,,,,,,,,,,,,,,,,6.933083,,,,,,,,,,,,,,,,,,,,,,,,,,0.7961263455307714,,,,,,,,,,,,,,,,,,,,,,-0.5500000715255737,,,,,,,,,,-0.7000001;-0.40000004;0
6.953098,,,,,,,,,,,,,,,,,,,,6.953063,,,,,,,,,,,,,,,,,,,,,,,,,,0.7838771212620487,,,,,,,,,,,,,,,,,,,,,,-0.7000001072883606,,,,,,,,,,-0.80000013;-0.5500001;0
6.972989,,,,,,,,,,,,,,,,,,,,6.97296,,,,,,,,,,,,,,,,,,,,,,,,,,0.7713728661085191,,,,,,,,,,,,,,,,,,,,,,-0.7500001192092896,,,,,,,,,,-0.50000006;-0.7000001;0,,,,,,,,,,,,,,,,,,,,,,,,,,,,,,,,,,,,,,,,,,,,2022-03-30 07:59:54.430312
7.012939,12,,,0," UnderVoltage:0 ForwardLimitSwitch:0 ReverseLimitSwitch:0 ForwardSoftLimit:0 ReverseSoftLimit:0 HardwareFailure:0 ResetDuringEn:0 SensorOverflow:0 SensorOutOfPhase:0 HardwareESDReset:0 RemoteLossOfSignal:0 APIError:0 SupplyOverV:0 SupplyUnstable:0",0,,732,0,0,0,,,0,0,0,,,,7.012899,,,,0,0,0,12,,,," UnderVoltage:0 ForwardLimitSwitch:0 ReverseLimitSwitch:0 ForwardSoftLimit:0 ReverseSoftLimit:0 HardwareFailure:0 ResetDuringEn:0 SensorOverflow:0 SensorOutOfPhase:0 HardwareESDReset:0 RemoteLossOfSignal:0 APIError:0 SupplyOverV:0 SupplyUnstable:0",0,,,0,0,0,0.761485826001955,9.13782991202346,0,0,0,,,,0.7453399678889824,,,,0,0,0,12," UnderVoltage:0 ForwardLimitSwitch:0 ReverseLimitSwitch:0 ForwardSoftLimit:0 ReverseSoftLimit:0 HardwareFailure:0 ResetDuringEn:0 SensorOverflow:0 SensorOutOfPhase:0 HardwareESDReset:0 RemoteLossOfSignal:0 APIError:0 SupplyOverV:0 SupplyUnstable:0",0.6217008797653959,12,"0",0,,,0,0,0,0,,,,-0.6000000834465027,,,,0,,25,,,,-0.2;-0.7500001;0
7.032862,,,,,,,,,,,,,,,,,,,,7.032832,,,,,,,,,,,,,,,,,,,,,,,,,,0.7319105721370301,,,,,,,,,,,,,,,,,,,,,,-0.4500000476837158,,,,,,,,,,0.049999993;-0.6000001;0
7.052805,,,,,,,,,,,,,,,,,,,,7.052776,,,,,,,,,,,,,,,,,,,,,,,,,,0.7181767546396777,,,,,,,,,,,,,,,,,,,,,,-0.30000001192092896,,,,,,,,,,0.099999994;-0.45000005;0
7.092699,,,,,,,,,,,,,,,,,,,,7.092668,,,,,,,,,,,,,,,,,,,,,,,,,,0.6898520253616723,,,,,,,,,,,,,,,,,,,,,,-0.15000000596046448,,,,,,,,,,-0.10000001;-0.3;0
7.112725,,,7,,,,0,,,,,,,,,,,0,"Neutral",7.112625,,,,,,,,,,,,,0,,,,,0.6764418377321603,8.117302052785924,,,,"PercentOutput",0,"Neutral",0.6752662578871497,,,,,,,,,0.7116324535679375,,,,,,,,,,"PercentOutput",,,0,,,,,,,,,,-0.25;-0.15;0
7.132597,,,,,,,,,,,,,,,,,,,,7.132567,,,,,,,,,,,,,,,,,,,,,,,,,,0.6604257661955437,,,,,,,,,,,,,,,,,,,,,,0.15000000596046448,,,,,,,,,,-0.40000004;0;0
7.152601,,,,,,,,,,,,,,,,,,,,7.15257,,,,,,,,,,,,,,,,,,,,,,,,,,0.6452745679261408,,,,,,,,,,,,,,,,,,,,,,0.30000001192092896,,,,,,,,,,-0.5500001;0.15;0
7.173517,,,,,,,,,,,,,,,,,,,,7.173484,,,,,,,,,,,,,,,,,,,,,,,,,,0.6291557973945211,,,,,,,,,,,,,,,,,,,,,,0.4500000476837158,,,,,,,,,,-0.7000001;0.3;0
7.213422,,7,,,,,,2338,,,,,,,,,,,,7.213386,,,,,,,,,,,,,,,,,,,,,,,,,,0.5976498401732965,,,,,,,,,,,,,,,,,,,,,,0.6000000834465027,,,,,,,,,,-0.80000013;0.45000005;0
7.2334,,,,,,,,,,,,,,,,,,,,7.233366,,,,,,,,,,,,,,,,,,0.5972629521016618,7.167155425219942,,,,,,,0.5815092551306505,,,,,,,,,0.7800586510263929,,,,,,,,,,,,,0.7500001192092896,,,,,,,,,,-0.7000001;0.6000001;0
7.25333,,,,,,,,,,,,,,,,,,,,7.253299,,,,,,,,,,,,,,,,,,,,,,,,,,0.565180995170047,,,,,,,,,,,,,,,,,,,,,,0.8000001311302185,,,,,,,,,,-0.40000004;0.7500001;0
7.273258,,,,,,,,,,,,,,,,,,,,7.273229,,,,,,,,,,,,,,,,,,,,,,,,,,0.5486299221111993,,,,,,,,,,,,,,,,,,,,,,0.6500000953674316,,,,,,,,,,-0.10000001;0.80000013;0
7.313174,,,,,,,,,,,,,,,,,"PercentOutput",,,0.2499999850988388,,,,,,,,,,,,,,,,,,,,,,,,,,0.5148293958635854,,,,,,,,,,,,,,,,,,,,,,0.5000000596046448,,,,,,,,,,0.099999994;0.6500001;0
7.332842,,,,,,,,,,,,0.2179863147605083,2.6158357771260996,,,,,,,0.4000000059604645,,,,,,,,,,,,,,,,,,0.49364613880742914,5.92375366568915,,,,,,,0.49791737653633084,,,,,,,,,0.8514173998044966,,,,,,,,,,,,,0.3500000238418579,,,,,,,,,,0.24999999;0.50000006;0
7.352762,,,,,,,,,,,,,,,,,,,,0.2499999850988388,,,,,,,,,,,,,,,,,,,,,,,,,,0.4804972652657693,,,,,,,,,,,,,,,,,,,,,,0.20000000298023224,,,,,,,,,,0.4;0.35000002;0
7.392631,,,,,,,,,,,,,,,,,"Position",,,7.392598,,,,,,,,,,,,,,,,,,,,,,,,,,0.44515973151919014,,,,,,,,,,,,,,,,,,,,,,0.05000000819563866,,,,,,,,,,0.24999999;0.2;0
7.412577,,,,,,,,,,,,,,,,,,,,7.412547,,,,,,,,,,,,,,,,,,,,,,,,,,0.4272116976883524,,,,,,,,,,,,,,,,,,,,,,0,,,,,,,,,,-0.05;0.05000001;0
7.433583,,,,,,,,133,,,,0,0,,,,,,,7.433501,,,,,,,,,,,,,,,,,,0.40371456500488756,4.84457478005865,,,,,,,0.40817370635109435,,,,,,,,,0.8993157380254154,,,,,,,,,,,,,-0.05000000074505806,,,,,,,,,,-0.2;0;0
7.453465,,,,,,,,,,,,,,,,,,,,7.453435,,,,,,,,,,,,,,,,,,,,,,,,,,0.3898959834381911,,,,,,,,,,,,,,,,,,,,,,-0.20000000298023224,,,,,,,,,,-0.35000002;-0.05;0
7.473428,,,,,,,,,,,,,,,,,,,,7.473399,,,,,,,,,,,,,,,,,,,,,,,,,,0.3714364097518871,,,,,,,,,,,,,,,,,,,,,,-0.3500000238418579,,,,,,,,,,-0.50000006;-0.2;0
7.497837,,,,,,,,,,,,,,,,,,,,7.493319,,,,,,,,,,,,,,,,,,,,,,,,,,0.3528494006831315,,,,,,,,,,,,,,,,,,,,,,,,,,,,,,,,-0.6500001;-0.35000002;0
7.533252,,,,,,,,,,,,,,,,,,,,7.533221,,,,,,,,,,,,,,,,,,,,,,,,,,0.3152609692439191,,,,,,,,,,,,,,,,,,,,,,-0.6500000953674316,,,,,,,,,,-0.7000001;-0.50000006;0
7.553304,12,,,0," UnderVoltage:0 ForwardLimitSwitch:0 ReverseLimitSwitch:0 ForwardSoftLimit:0 ReverseSoftLimit:0 HardwareFailure:0 ResetDuringEn:0 SensorOverflow:0 SensorOutOfPhase:0 HardwareESDReset:0 RemoteLossOfSignal:0 APIError:0 SupplyOverV:0 SupplyUnstable:0",0,,,0,0,0,,,0,0,0,,,,7.553173,,,,0,0,0,12,,,," UnderVoltage:0 ForwardLimitSwitch:0 ReverseLimitSwitch:0 ForwardSoftLimit:0 ReverseSoftLimit:0 HardwareFailure:0 ResetDuringEn:0 SensorOverflow:0 SensorOutOfPhase:0 HardwareESDReset:0 RemoteLossOfSignal:0 APIError:0 SupplyOverV:0 SupplyUnstable:0",0,,,0,0,0,0.28641251221896386,3.4369501466275665,0,0,0,,,,0.29626683976799056,,,,0,0,0,12," UnderVoltage:0 ForwardLimitSwitch:0 ReverseLimitSwitch:0 ForwardSoftLimit:0 ReverseSoftLimit:0 HardwareFailure:0 ResetDuringEn:0 SensorOverflow:0 SensorOutOfPhase:0 HardwareESDReset:0 RemoteLossOfSignal:0 APIError:0 SupplyOverV:0 SupplyUnstable:0",0.946236559139785,12,"0",0,,,0,0,0,0,,,,-0.8000001311302185,,,,0,,25,,,,-0.45000005;-0.6500001;0
7.573128,,,,,,,,,,,,,,,,,,,,7.573101,,,,,,,,,,,,,,,,,,,,,,,,,,0.2771768981680995,,,,,,,,,,,,,,,,,,,,,,-0.8500001430511475,,,,,,,,,,-0.15;-0.80000013;0
7.613045,,,,,,,,,,,,,,,,,"PercentOutput",0,"Neutral",0.20000000298023224,,,,,,,,,,,,,,,,,,,,,,,"PercentOutput",0,"Neutral",0.23861425240514944,,,,,,,,,,,,,,,,,,,"PercentOutput",,,-0.7000001072883606,,,,,,,,,,0.05;-0.85000014;0
7.633016,,,,,,,,,,,,,,,,,,,,,,,,,,,,,,,,,,,,,,,,,,,,,,0.2191738322952083,,,,,,,,,,,,,,,,,,,,,,-0.5500000715255737,,,,,,,,,,0.2;-0.7000001;0
7.652915,,,,,,,,,,,,,,,,,"Position",,,7.652885,,,,,,,,,,,,,,,,,,,,,,,,,,0.19971654960001087,,,,,,,,,,,,,,,,,,,,,,-0.40000003576278687,,,,,,,,,,0.2;-0.5500001;0
7.672933,,,7,,,,0,21,,,,,,,,,,,,7.672849,,,,,,,,,,,,,0,,,,,0.16617790811339198,1.9941348973607038,,,,,,,0.1801142838550352,,,,,,,,,0.978494623655914,,,,,,,,,,,,,-0.25,,,,,,,,,,-0.05;-0.40000004;0
7.712788,,,,,,,,,,,,,,,,,,,,7.712759,,,,,,,,,,,,,,,,,,,,,,,,,,0.14072695050804176,,,,,,,,,,,,,,,,,,,,,,-0.10000000894069672,,,,,,,,,,-0.2;-0.25;0
7.732756,,,,,,,,,,,,,,,,,,,,7.732726,,,,,,,,,,,,,,,,,,,,,,,,,,0.12093092238607812,,,,,,,,,,,,,,,,,,,,,,0.09999999403953552,,,,,,,,,,-0.35000002;-0.10000001;0
7.752681,,,,,,,,,,,,,,,,,,,,7.752653,,,,,,,,,,,,,,,,,,,,,,,,,,0.10112945780929776,,,,,,,,,,,,,,,,,,,,,,0.2499999850988388,,,,,,,,,,-0.50000006;0.099999994;0
7.772654,,,,,,,,,,,,,,,,,,,,7.772623,,,,,,,,,,,,,,,,,,,,,,,,,,0.08124000435152358,,,,,,,,,,,,,,,,,,,,,,0.4000000059604645,,,,,,,,,,-0.6500001;0.24999999;0
7.812522,,7,,,,,,,,,,,,,,,,,,7.812489,,,,,,,,,,,,,,,,,,0.043010752688172046,0.5161290322580645,,,,,,,0.0414497557737436,,,,,,,,,0.9960899315738025,,,,,,,,,,,,,0.550000011920929,,,,,,,,,,-0.6000001;0.4;0
7.833449,,,,,,,,,,,,,,,,,,,,7.833419,,,,,,,,,,,,,,,,,,,,,,,,,,0.020533190860977317,,,,,,,,,,,,,,,,,,,,,,0.7000000476837158,,,,,,,,,,-0.45000005;0.55;0
7.853426,,,,,,,,,,,,,,,,,,,,7.853398,,,,,,,,,,,,,,,,,,,,,,,,,,0.0005576339455827863,,,,,,,,,,,,,,,,,,,,,,0.8500000834465027,,,,,,,,,,-0.15;0.70000005;0
7.873345,,,,,,,,,,,,,,,,,"PercentOutput",,,0.20000000298023224,,,,,,,,,,,,,,,,,,,,,,,,,,-0.0193601564065289,,,,,,,,,,,,,,,,,,,,,,0.8000000715255737,,,,,,,,,,0.05;0.8500001;0
7.91298,,,,,,,,,,,,0.16617790811339198,1.9941348973607038,,,,,,,0.3500000238418579,,,,,,,,,,,,,,,,,,0,0,,,,,,,-0.058963146732290625,,,,,,,,,0.9990224828934506,,,,,,,,,,,,,0.6500000357627869,,,,,,,,,,0.2;0.8000001;0
7.932896,,,,,,,,,,,,,,,,,,,,0.40000003576278687,,,,,,,,,,,,,,,,,,,,,,,,,,-0.07883049151387964,,,,,,,,,,,,,,,,,,,,,,0.5,,,,,,,,,,0.35000002;0.65000004;0
7.952842,,,,,,,,,,,,,,,,,,,,0.10000000894069672,,,,,,,,,,,,,,,,,,,,,,,,,,-0.09869742127589992,,,,,,,,,,,,,,,,,,,,,,0.34999996423721313,,,,,,,,,,0.40000004;0.5;0
7.972757,,,,,,,,,,,,,,,,,"Position",,,7.972723,,,,,,,,,,,,,,,,,,,,,,,,,,-0.11849529768475478,,,,,,,,,,,,,,,,,,,,,,0.19999995827674866,,,,,,,,,,0.10000001;0.34999996;0
8.012675,,,8,,,,,1498,,,,0,0,,,,,,,8.012639,,,,,,,,,,,,,,,,,,,,,,,,,,-0.1580222016604343,,,,,,,,,,,,,,,,,,,,,,0.049999963492155075,,,,,,,,,,-0.1;0.19999996;0
8.032635,,,,,,,,,,,,,,,,,,,,8.032605,,,,,,,,,,,,,,,,,,-0.10263929618768329,-1.2316715542521994,,,,,,,-0.17770256598767717,,,,,,,,,0.989247311827957,,,,,,,,,,,,,0,,,,,,,,,,-0.25;0.049999963;0
8.052575,,,,,,,,,,,,,,,,,,,,8.052541,,,,,,,,,,,,,,,,,,,,,,,,,,-0.1972885790680754,,,,,,,,,,,,,,,,,,,,,,-0.05000000074505806,,,,,,,,,,-0.40000004;0;0
8.073519,,,,,,,,,,,,,,,,,,,,8.073485,,,,,,,,,,,,,,,,,,,,,,,,,,-0.21777616443039335,,,,,,,,,,,,,,,,,,,,,,-0.20000000298023224,,,,,,,,,,-0.5500001;-0.05;0
8.113178,12,,,0," UnderVoltage:0 ForwardLimitSwitch:0 ReverseLimitSwitch:0 ForwardSoftLimit:0 ReverseSoftLimit:0 HardwareFailure:0 ResetDuringEn:0 SensorOverflow:0 SensorOutOfPhase:0 HardwareESDReset:0 RemoteLossOfSignal:0 APIError:0 SupplyOverV:0 SupplyUnstable:0",0,,,0,0,0,,,0,0,0,,0,"Neutral",8.113134,,,,0,0,0,,,,,,,,,,,,,,,,,"PercentOutput",0,"Neutral",-0.25629611236355226,,,,,,,,,,,,,,,,,,,"PercentOutput",,,-0.3500000238418579,,,,,,,,,,-0.7000001;-0.2;0
8.133128,,,,,,,,,,,,,,,,,,,,8.13309,,,,,,,12,,,," UnderVoltage:0 ForwardLimitSwitch:0 ReverseLimitSwitch:0 ForwardSoftLimit:0 ReverseSoftLimit:0 HardwareFailure:0 ResetDuringEn:0 SensorOverflow:0 SensorOutOfPhase:0 HardwareESDReset:0 RemoteLossOfSignal:0 APIError:0 SupplyOverV:0 SupplyUnstable:0",0,,,0,0,0,-0.20527859237536658,-2.463343108504399,0,0,0,,,,-0.2755332358187796,,,,0,0,0,12," UnderVoltage:0 ForwardLimitSwitch:0 ReverseLimitSwitch:0 ForwardSoftLimit:0 ReverseSoftLimit:0 HardwareFailure:0 ResetDuringEn:0 SensorOverflow:0 SensorOutOfPhase:0 HardwareESDReset:0 RemoteLossOfSignal:0 APIError:0 SupplyOverV:0 SupplyUnstable:0",0.9696969696969697,12,"0",0,,,0,0,0,0,,,,-0.5000000596046448,,,,0,,25,,,,-0.85000014;-0.35000002;0
8.15307,,,,,,,,,,,,,,,,,,,,8.153031,,,,,,,,,,,,,,,,,,,,,,,,,,-0.29464629996365993,,,,,,,,,,,,,,,,,,,,,,-0.6500000953674316,,,,,,,,,,-1;-0.50000006;0
8.192007,,,,,,,,,,,,,,,,,,,,8.191978,,,,,,,,,,,,,,,,,,,,,,,,,,-0.3316229609723169,,,,,,,,,,,,,,,,,,,,,,-0.8000001311302185,,,,,,,,,,-0.84999996;-0.6500001;0
8.212937,,,,,,,,,,,,,,,,,,,,8.212907,,,,,,,,,,,,,,,,,,,,,,,,,,-0.35129543535839625,,,,,,,,,,,,,,,,,,,,,,-0.9500001668930054,,,,,,,,,,-0.6999999;-0.80000013;0
8.232961,,8,,,,,0,1290,,,,,,,,,,,,8.232854,,,,,,,,,,,,,0,,,,,-0.32453567937438904,-3.8944281524926687,,,,,,,-0.36989905417706176,,,,,,,,,0.9325513196480938,,,,,,,,,,,,,-0.949999988079071,,,,,,,,,,-0.44999987;-0.95000017;0
8.252821,,,,,,,,,,,,,,,,,,,,8.252791,,,,,,,,,,,,,,,,,,,,,,,,,,-0.38834722255388665,,,,,,,,,,,,,,,,,,,,,,-0.7999999523162842,,,,,,,,,,-0.14999984;-0.95;0
8.272791,,,,,,,,,,,,,,,,,,,,8.272754,,,,,,,,,,,,,,,,,,,,,,,,,,-0.40667118243151984,,,,,,,,,,,,,,,,,,,,,,-0.6499999165534973,,,,,,,,,,0;-0.79999995;0
8.312674,,,,,,,,,,,,,,,,,,,,8.312644,,,,,,,,,,,,,,,,,,,,,,,,,,-0.44277422579051406,,,,,,,,,,,,,,,,,,,,,,-0.49999988079071045,,,,,,,,,,-0.05;-0.6499999;0
8.332327,,,,,,,,,,,,,,,,,,,,8.332296,,,,,,,,,,,,,,,,,,,,,,,,,,-0.46031000438623043,,,,,,,,,,,,,,,,,,,,,,-0.3499998450279236,,,,,,,,,,-0.2;-0.49999988;0
8.353312,,,,,,,,,,,,,,,,,,,,8.353224,,,,,,,,,,,,,,,,,,-0.436950146627566,-5.243401759530792,,,,,,,-0.47878509699358757,,,,,,,,,0.8826979472140762,,,,,,,,,,,,,-0.1999998390674591,,,,,,,,,,-0.35000002;-0.34999985;0
8.373184,,,,,,,,,,,,,,,,,,,,8.373146,,,,,,,,,,,,,,,,,,,,,,,,,,-0.49618604136173833,,,,,,,,,,,,,,,,,,,,,,0,,,,,,,,,,-0.50000006;-0.19999984;0
8.413119,,,,,,,,,,,,,,,,,,,,8.413083,,,,,,,,,,,,,,,,,,,,,,,,,,-0.5304534339028835,,,,,,,,,,,,,,,,,,,,,,0.15000000596046448,,,,,,,,,,-0.6500001;0;0
8.433051,,,,,,,,,,,,,,,,,,,,8.433021,,,,,,,,,,,,,,,,,,,,,,,,,,-0.547244422055113,,,,,,,,,,,,,,,,,,,,,,0.30000001192092896,,,,,,,,,,-0.80000013;0.15;0
8.453026,,,,,,,,,,,,,,,,,,,,8.45299,,,,,,,,,,,,,,,,,,,,,,,,,,-0.5638518451843572,,,,,,,,,,,,,,,,,,,,,,0.4500000476837158,,,,,,,,,,-0.95000017;0.3;0
8.49288,,,,,,,,3218,,,,,,,,,"Position",,,8.492843,,,,,,,,,,,,,,,,,,-0.544477028347996,-6.533724340175953,,,,,,,-0.5963098577185418,,,,,,,,,0.8172043010752689,,,,,,,,,,,,,0.6000000834465027,,,,,,,,,,-0.80000013;0.45000005;0
8.512855,,,,,,,,,,,,,,,,,,,,8.512819,,,,,,,,,,,,,,,,,,,,,,,,,,-0.612220896165891,,,,,,,,,,,,,,,,,,,,,,0.7500001192092896,,,,,,,,,,-0.6500001;0.6000001;0
8.532807,,,,,,,,,,,,,,,,,,,,8.532777,,,,,,,,,,,,,,,,,,,,,,,,,,-0.6278784487910878,,,,,,,,,,,,,,,,,,,,,,0.9000001549720764,,,,,,,,,,-0.50000006;0.7500001;0
8.552751,,,,,,,,,,,,,,,,,,,,8.552719,,,,,,,,,,,,,,,,,,,,,,,,,,-0.6432744276034938,,,,,,,,,,,,,,,,,,,,,,1,,,,,,,,,,-0.25;0.90000015;0
8.592652,,,,,,,,,,,,0.11436950146627566,1.3724340175953078,,,,"PercentOutput",,,0.15000000596046448,,,,,,,,,,,,,,,,,,,,,,,,,,-0.6733002474193125,,,,,,,,,,,,,,,,,,,,,,,,,,,,,,,,0;1;0
8.612602,,,,,,,,,,,,,,,,,,,,0.30000001192092896,,,,,,,,,,,,,,,,,,-0.6432062561094819,-7.718475073313783,,,,,,,-0.6879193298255456,,,,,,,,,0.7409579667644184,,,,,,,,,,,,,,,,,,,,,,,0.15;1;0
8.636514,,,,,,,,,,,,,,,,,,0,"Neutral",0.4500000476837158,,,,,,,,,,,,,,,,,,,,,,,"PercentOutput",0,"Neutral",-0.7050760372837245,,,,,,,,,,,,,,,,,,,"PercentOutput",,,0.8499999642372131,,,,,,,,,,0.3;1;0
8.653515,,,,,,,,,,,,,,,,,,,,0.6000000834465027,,,,,,,,,,,,,,,,,,,,,,,,,,-0.717028117618086,,,,,,,,,,,,,,,,,,,,,,0.6999999284744263,,,,,,,,,,0.45000005;0.84999996;0
8.673405,,,,,,,,,,,,,,,,,,,,0.7500001192092896,,,,,,,,,,,,,,,,,,,,,,,,,,-0.730750950980151,,,,,,,,,,,,,,,,,,,,,,0.5499998927116394,,,,,,,,,,0.6000001;0.6999999;0
8.712435,12,,,," UnderVoltage:0 ForwardLimitSwitch:0 ReverseLimitSwitch:0 ForwardSoftLimit:0 ReverseSoftLimit:0 HardwareFailure:0 ResetDuringEn:0 SensorOverflow:0 SensorOutOfPhase:0 HardwareESDReset:0 RemoteLossOfSignal:0 APIError:0 SupplyOverV:0 SupplyUnstable:0",0,,,0,0,0,0.7390029325513197,8.868035190615835,0,0,0,,,,0.9000001549720764,,,,0,0,0,12,,,," UnderVoltage:0 ForwardLimitSwitch:0 ReverseLimitSwitch:0 ForwardSoftLimit:0 ReverseSoftLimit:0 HardwareFailure:0 ResetDuringEn:0 SensorOverflow:0 SensorOutOfPhase:0 HardwareESDReset:0 RemoteLossOfSignal:0 APIError:0 SupplyOverV:0 SupplyUnstable:0",0,,,0,0,0,-0.7047898338220919,-8.457478005865102,0,0,0,,,,-0.7568312677154216,,,,0,0,0,12," UnderVoltage:0 ForwardLimitSwitch:0 ReverseLimitSwitch:0 ForwardSoftLimit:0 ReverseSoftLimit:0 HardwareFailure:0 ResetDuringEn:0 SensorOverflow:0 SensorOutOfPhase:0 HardwareESDReset:0 RemoteLossOfSignal:0 APIError:0 SupplyOverV:0 SupplyUnstable:0",0.6842619745845552,12,"0",0,,,0,0,0,0,,,,0.39999985694885254,,,,0,,25,,,,0.7500001;0.5499999;0
8.733314,,,,,,,,,,,,,,,,,,,,1,,,,,,,,,,,,,,,,,,,,,,,,,,-0.7703120480744464,,,,,,,,,,,,,,,,,,,,,,0.24999983608722687,,,,,,,,,,0.90000015;0.39999986;0
8.753293,,,,,,,,,,,,,,,,,,,,,,,,,,,,,,,,,,,,,,,,,,,,,,-0.7828974178848656,,,,,,,,,,,,,,,,,,,,,,0.09999984502792358,,,,,,,,,,1;0.24999984;0
8.773214,,,,,,,,,,,,,,,,,,,,,,,,,,,,,,,,,,,,,,,,,,,,,,-0.7951351246755066,,,,,,,,,,,,,,,,,,,,,,0,,,,,,,,,,1;0.099999845;0
8.813114,,,,,,,0,,,,,1,12,,,,,,,,,,,,,,,,,,,,,,,,,,,,,,,,,-0.8186902092014966
8.833039,,,,,,,,,,,,,,,,,,,,,,,,,,,,,,,,,0,,,,,-0.7986314760508308,-9.58357771260997,,,,,,,-0.8299713754141752,,,,,,,,,0.5738025415444771
8.872908,,,,,,,,,,,,,,,,,,,,,,,,,,,,,,,,,,,,,,,,,,,,,,-0.8515451032019211
8.912843,,,,,,,,,,,,,,,,,,,,,,,,,,,,,,,,,,,,,,,,,,,,,,-0.8717972908729712
8.952746,,,,,,,,,,,,,,,,,,,,,,,,,,,,,,,,,,,,,,-0.8651026392961877,-10.381231671554252,,,,,,,-0.8906434728840694,,,,,,,,,0.4682306940371456
8.992639,,,,,,,,,,,,,,,,,,,,,,,,,,,,,,,,,,,,,,,,,,,,,,-0.9080715819199926
9.012579,,,,,,,,,,,,,,,,,,,,,,,,,,,,,,,,,,,,,,,,,,,,,,-0.9162412786612991
9.053482,,,,,,,,,,,,,,,,,,,,,,,,,,,,,,,,,,,,,,-0.9120234604105572,-10.944281524926685,,,,,,,-0.9318575605714806,,,,,,,,,0.375366568914956
9.093398,,,,,,,,,,,,,,,,,"PercentOutput",,,,,,,,,,,,,,,,,,,,,,,,,,,,,-0.9455936255350408
9.133281,,,,,,,,,,,,,,,,,,,,,,,,,,,,,,,,,,,,,,,,,,,,,,-0.9578141679749409
9.173175,,,,,,,,,,,,,,,,,,0,"Neutral",0.8499999642372131,,,,,,,,,,,,,,,,,,-0.9550342130987293,-11.460410557184751,,,,"PercentOutput",0,"Neutral",-0.9633520238755681,,,,,,,,,0.25806451612903225,,,,,,,,,,"PercentOutput",,,,,,,,,,,,,1;0;0
9.193091,,,,,,,,,,,,,,,,,,,,,,,,,,,,,,,,,,,,,,,,,,,,,,-0.9732801909816403
9.213081,,,,,,,,,,,,,,,,,,,,0.5499998927116394,,,,,,,,,,,,,,,,,,,,,,,,,,-0.977675338175721,,,,,,,,,,,,,,,,,,,,,,,,,,,,,,,,0.84999996;0;0
9.233007,,,,,,,,,,,,,,,,,,,,0.24999983608722687,,,,,,,,,,,,,,,,,,,,,,,,,,-0.9816676618701193,,,,,,,,,,,,,,,,,,,,,,,,,,,,,,,,0.5499999;0;0
9.252964,,,,,,,,,,,,,,,,,"Position",,,9.252919,,,,,,,,,,,,,,,,,,,,,,,,,,-0.9852759134819853,,,,,,,,,,,,,,,,,,,,,,,,,,,,,,,,0.24999984;0;0
9.272957,12,8,9,0," UnderVoltage:0 ForwardLimitSwitch:0 ReverseLimitSwitch:0 ForwardSoftLimit:0 ReverseSoftLimit:0 HardwareFailure:0 ResetDuringEn:0 SensorOverflow:0 SensorOutOfPhase:0 HardwareESDReset:0 RemoteLossOfSignal:0 APIError:0 SupplyOverV:0 SupplyUnstable:0",0,,4754,0,0,0,0.2179863147605083,2.6158357771260996,0,0,0,,,,9.272853,,,,0,0,0,12,,,," UnderVoltage:0 ForwardLimitSwitch:0 ReverseLimitSwitch:0 ForwardSoftLimit:0 ReverseSoftLimit:0 HardwareFailure:0 ResetDuringEn:0 SensorOverflow:0 SensorOutOfPhase:0 HardwareESDReset:0 RemoteLossOfSignal:0 APIError:0 SupplyOverV:0 SupplyUnstable:0",0,,,0,0,0,-0.9833822091886608,-11.80058651026393,0,0,0,,,,-0.9884861234302401,,,,0,0,0,12," UnderVoltage:0 ForwardLimitSwitch:0 ReverseLimitSwitch:0 ForwardSoftLimit:0 ReverseSoftLimit:0 HardwareFailure:0 ResetDuringEn:0 SensorOverflow:0 SensorOutOfPhase:0 HardwareESDReset:0 RemoteLossOfSignal:0 APIError:0 SupplyOverV:0 SupplyUnstable:0",0.13587487781036167,12,"0",0,,,0,0,0,0,,,,,,,,0,,25,,,,-0.05;0;0
9.312795,,,,,,,,,,,,,,,,,,,,9.312758,,,,,,,,,,,,,,,,,,,,,,,,,,-0.9937362343520109,,,,,,,,,,,,,,,,,,,,,,0,,,,,,,,,,-0.2;0;0
9.332746,,,,,,,,,,,,,,,,,,,,9.332714,,,,,,,,,,,,,,,,,,,,,,,,,,-0.9957678635692327,,,,,,,,,,,,,,,,,,,,,,,,,,,,,,,,-0.35000002;0;0
9.352518,,,,,,,,,,,,,,,,,,,,9.352475,,,,,,,,,,,,,,,,,,,,,,,,,,-0.9973902404443539,,,,,,,,,,,,,,,,,,,,,,,,,,,,,,,,-0.50000006;0;0
9.373473,,9,,,,,0,792,,,,0,0,,,,,,,9.373422,,,,,,,,,,,,,,,,,,,,,,,,,,-0.9986838814484997,,,,,,,,,,,,,,,,,,,,,,,,,,,,,,,,-0.6500001;0;0
9.412337,,,,,,,,,,,,,,,,,,,,9.412302,,,,,,,,,,,,,0,,,,,-0.9980449657869013,-11.976539589442815,,,,,,,-0.9999225873624525,,,,,,,,,0.011730205278592375,,,,,,,,,,,,,,,,,,,,,,,-0.80000013;0;0
9.433284,,,,,,,,,,,,,,,,,,,,9.433251,,,,,,,,,,,,,,,,,,,,,,,,,,-0.9999638408762979,,,,,,,,,,,,,,,,,,,,,,,,,,,,,,,,-0.95000017;0;0
9.473176,,,,,,,,,,,,,,,,,,,,9.473147,,,,,,,,,,,,,,,,,,,,,,,,,,-0.9988290918725377
9.513071,,,,,,,,,,,,,,,,,,,,9.51304,,,,,,,,,,,,,,,,,,,,,,,,,,-0.9961047893119591
9.533022,,,,,,,,,,,,,,,,,,,,9.53299,,,,,,,,,,,,,,,,,,-0.9970674486803519,-11.964809384164223,,,,,,,-0.9941474398986814,,,,,,,,,-0.02932551319648094
9.572895,,,,,,,,,,,,,,,,,,,,9.572865,,,,,,,,,,,,,,,,,,,,,,,,,,-0.9890508586224104
9.612795,,,,,,,,,,,,,,,,,,,,9.612763,,,,,,,,,,,,,,,,,,,,,,,,,,-0.9823771777868604
9.652702,,,,,,,,2988,,,,,,,,,,,,9.652674,,,,,,,,,,,,,,,,,,-0.9804496578690127,-11.765395894428153,,,,,,,-0.9741377949538711,,,,,,,,,-0.15347018572825025
9.692568,,,,,,,,,,,,,,,,,,0,"Neutral",9.692534,,,,,,,,,,,,,,,,,,,,,,,"PercentOutput",0,"Neutral",-0.9643582730053223,,,,,,,,,,,,,,,,,,,"PercentOutput"
9.733475,,,,,,,,,,,,,,,,,,,,9.733467,,,,,,,,,,,,,,,,,,,,,,,,,,-0.958603972883778,,,,,,,,,,,,,,,,,,,,,,,,,,,,,,,,-1;0;0
9.752513,,,,,,,,,,,,,,,,,,,,9.752482,,,,,,,,,,,,,,,,,,-0.9560117302052786,-11.472140762463344,,,,,,,-0.9467745048248295,,,,,,,,,-0.25513196480938416,,,,,,,,,,,,,,,,,,,,,,,-0.79999995;0;0
9.773416,,,,,,,,,,,,,,,,,"Position",,,9.773388,,,,,,,,,,,,,,,,,,,,,,,,,,-0.9398391964437599,,,,,,,,,,,,,,,,,,,,,,,,,,,,,,,,-0.49999988;0;0
9.813335,,,,,,,,,,,,,,,,,,,,9.813298,,,,,,,,,,,,,,,,,,,,,,,,,,-0.9254574514469492,,,,,,,,,,,,,,,,,,,,,,0,,,,,,,,,,-0.19999984;0;0
9.833269,,,,,,,,,,,,,,,,,"PercentOutput",,,0.20000000298023224,,,,,,,,,,,,,,,,,,,,,,,,,,-0.9177216615263886,,,,,,,,,,,,,,,,,,,,,,,,,,,,,,,,0.05;0;0
9.853265,12,,,," UnderVoltage:0 ForwardLimitSwitch:0 ReverseLimitSwitch:0 ForwardSoftLimit:0 ReverseSoftLimit:0 HardwareFailure:0 ResetDuringEn:0 SensorOverflow:0 SensorOutOfPhase:0 HardwareESDReset:0 RemoteLossOfSignal:0 APIError:0 SupplyOverV:0 SupplyUnstable:0",0,,,0,0,0,0.16617790811339198,1.9941348973607038,0,0,0,,,,0.3500000238418579,,,,0,0,0,12,,,," UnderVoltage:0 ForwardLimitSwitch:0 ReverseLimitSwitch:0 ForwardSoftLimit:0 ReverseSoftLimit:0 HardwareFailure:0 ResetDuringEn:0 SensorOverflow:0 SensorOutOfPhase:0 HardwareESDReset:0 RemoteLossOfSignal:0 APIError:0 SupplyOverV:0 SupplyUnstable:0",0,,,0,0,0,-0.9130009775171065,-10.956011730205278,0,0,0,,,,-0.9096215926562403,,,,0,0,0,12," UnderVoltage:0 ForwardLimitSwitch:0 ReverseLimitSwitch:0 ForwardSoftLimit:0 ReverseSoftLimit:0 HardwareFailure:0 ResetDuringEn:0 SensorOverflow:0 SensorOutOfPhase:0 HardwareESDReset:0 RemoteLossOfSignal:0 APIError:0 SupplyOverV:0 SupplyUnstable:0",-0.37145650048875856,12,"0",0,,,0,0,0,0,,,,,,,,0,,25,,,,0.2;0;0
9.873,,,,,,,,,,,,,,,,,,,,0.5000000596046448,,,,,,,,,,,,,,,,,,,,,,,,,,-0.9012194637430236,,,,,,,,,,,,,,,,,,,,,,,,,,,,,,,,0.35000002;0;0
9.912897,,,,,,,,,,,,,,,,,,,,0.6500000953674316,,,,,,,,,,,,,,,,,,,,,,,,,,-0.8832174639976282,,,,,,,,,,,,,,,,,,,,,,,,,,,,,,,,0.50000006;0;0
9.932818,,,,,,,,,,,,,,,,,,,,0.8000001311302185,,,,,,,,,,,,,,,,,,,,,,,,,,-0.8737006119153334,,,,,,,,,,,,,,,,,,,,,,,,,,,,,,,,0.6500001;0;0
9.952779,,,,,,,,,,,,,,,,,,,,0.9500001668930054,,,,,,,,,,,,,,,,,,,,,,,,,,-0.8638163911449097,,,,,,,,,,,,,,,,,,,,,,,,,,,,,,,,0.80000013;0;0
9.992668,,,,,,,0,,,,,0.9472140762463344,11.366568914956012,,,,,,,1,,,,,,,,,,,,,0,,,,,-0.8572825024437928,-10.287390029325513,,,,,,,-0.8430387784341412,,,,,,,,,-0.48289345063538613,,,,,,,,,,,,,,,,,,,,,,,0.95000017;0;0
10.032565,,,,,,,,,,,,,,,,,,,,,,,,,,,,,,,,,,,,,,,,,,,,,,-0.8209148851413731
10.07348,,,,,,,,,,,,1,12,,,,,,,,,,,,,,,,,,,,,,,,,,,,,,,,,-0.7968722608606734
10.093423,,,,,,,,,,,,,,,,,,,,,,,,,,,,,,,,,,,,,,-0.8005865102639296,-9.607038123167154,,,,,,,-0.7846635976030167,,,,,,,,,-0.5698924731182796
10.133089,,,,,,,,,,,,,,,,,,,,,,,,,,,,,,,,,,,,,,,,,,,,,,-0.7594630165900673
10.172995,,,,,,,,,,,,,,,,,,0,"Neutral",,,,,,,,,,,,,,,,,,,,,,,,,,,-0.746348908728522
10.192984,,,,,,,,,,,,,,,,,,,,,,,,,,,,,,,,,,,,,,-0.7214076246334311,-8.656891495601172,,,,"PercentOutput",0,"Neutral",-0.7191910100032401,,,,,,,,,-0.6666666666666666,,,,,,,,,,"PercentOutput"
10.232815,,,,,,,,,,,,,,,,,,,,,,,,,,,,,,,,,,,,,,,,,,,,,,-0.6909202968185925
10.25276,,,,,,,,,,,,,,,,,,,,,,,,,,,,,,,,,,,,,,,,,,,,,,-0.6763649746501642
10.292743,,,,,,,,,,,,,,,,,,,,,,,,,,,,,,,,,,,,,,,,,,,,,,-0.6463821164633174
10.312745,,,,,,,,,,,,,,,,,,,,,,,,,,,,,,,,,,,,,,-0.6314760508308895,-7.577712609970675,,,,,,,-0.6310315972200327,,,,,,,,,-0.7526881720430108,,,,,,,,,,,,,0
10.352297,,,,,,,,,,,,,,,,,"PercentOutput",,,,,,,,,,,,,,,,,,,,,,,,,,,,,-0.599821728123478
10.393178,,,,,,,,,,,,,,,,,,,,,,,,,,,,,,,,,,,,,,,,,,,,,,-0.5666202397893426
10.433062,12,,,," UnderVoltage:0 ForwardLimitSwitch:0 ReverseLimitSwitch:0 ForwardSoftLimit:0 ReverseSoftLimit:0 HardwareFailure:0 ResetDuringEn:0 SensorOverflow:0 SensorOutOfPhase:0 HardwareESDReset:0 RemoteLossOfSignal:0 APIError:0 SupplyOverV:0 SupplyUnstable:0",0,,,0,0,0,,,0,0,0,,,,,,,,0,0,0,12,,,," UnderVoltage:0 ForwardLimitSwitch:0 ReverseLimitSwitch:0 ForwardSoftLimit:0 ReverseSoftLimit:0 HardwareFailure:0 ResetDuringEn:0 SensorOverflow:0 SensorOutOfPhase:0 HardwareESDReset:0 RemoteLossOfSignal:0 APIError:0 SupplyOverV:0 SupplyUnstable:0",0,,,0,0,0,-0.5483870967741935,-6.580645161290322,0,0,0,,,,-0.5333147596822433,,,,0,0,0,12," UnderVoltage:0 ForwardLimitSwitch:0 ReverseLimitSwitch:0 ForwardSoftLimit:0 ReverseSoftLimit:0 HardwareFailure:0 ResetDuringEn:0 SensorOverflow:0 SensorOutOfPhase:0 HardwareESDReset:0 RemoteLossOfSignal:0 APIError:0 SupplyOverV:0 SupplyUnstable:0",-0.8152492668621701,12,"0",0,,,0,0,0,0,,,,,,,,0,,25
10.472955,,,,,,,,,,,,,,,,,,,,0.949999988079071,,,,,,,,,,,,,,,,,,,,,,,,,,-0.49915323179475307,,,,,,,,,,,,,,,,,,,,,,,,,,,,,,,,1;0;0
10.492902,,,,,,,,,,,,,,,,,,,,,,,,,,,,,,,,,,,,,,,,,,,,,,-0.48176985326099514
10.532861,,,,,,,0,,,,,0.9472140762463344,11.366568914956012,,,,,,,,,,,,,,,,,,,,0,,,,,-0.44086021505376344,-5.290322580645161,,,,,,,-0.446426038884388,,,,,,,,,-0.8807429130009775
10.552736,,,,,,,,,,,,,,,,,,,,0.7499999403953552,,,,,,,,,,,,,,,,,,,,,,,,,,-0.4285074984332736,,,,,,,,,,,,,,,,,,,,,,,,,,,,,,,,0.95;0;0
10.572666,,,,,,,,,,,,,,,,,,,,0.4499998688697815,,,,,,,,,,,,,,,,,,,,,,,,,,-0.41041607387828394,,,,,,,,,,,,,,,,,,,,,,,,,,,,,,,,0.74999994;0;0
10.612586,,,,,,,,,,,,,,,,,,,,0.14999984204769135,,,,,,,,,,,,,,,,,,,,,,,,,,-0.373694853683338,,,,,,,,,,,,,,,,,,,,,,,,,,,,,,,,0.44999987;0;0
10.633584,,9,10,0,,,,5202,,,,0.11436950146627566,1.3724340175953078,,,,"Position",,,10.633479,,,,,,,,,,,,,,,,,,-0.34701857282502446,-4.164222873900293,,,,,,,-0.35420263600319013,,,,,,,,,-0.9237536656891495,,,,,,,,,,,,,,,,,,,,,,,0.14999984;0;0
10.653464,,,,,,,,,,,,,,,,,,,,10.653432,,,,,,,,,,,,,,,,,,,,,,,,,,-0.33547677359862904,,,,,,,,,,,,,,,,,,,,,,,,,,,,,,,,-0.1;0;0
10.673444,,,,,,,,,,,,,,,,,,0,"Neutral",10.673384,,,,,,,,,,,,,,,,,,,,,,,"PercentOutput",0,"Neutral",-0.31658988684810124,,,,,,,,,,,,,,,,,,,"PercentOutput",,,,,,,,,,,,,-0.25;0;0
10.713314,,,,,,,,,,,,,,,,,,,,10.713273,,,,,,,,,,,,,,,,,,,,,,,,,,-0.2785291232900193,,,,,,,,,,,,,,,,,,,,,,,,,,,,,,,,-0.40000004;0;0
10.733267,,,,,,,,,,,,,,,,,,,,10.733234,,,,,,,,,,,,,,,,,,,,,,,,,,-0.25931153678694696,,,,,,,,,,,,,,,,,,,,,,,,,,,,,,,,-0.5500001;0;0
10.75331,,,,,,,,,,,,0,0,,,,,,,10.753184,,,,,,,,,,,,,,,,,,-0.2287390029325513,-2.7448680351906156,,,,,,,-0.2399897452517814,,,,,,,,,-0.9638318670576735,,,,,,,,,,,,,,,,,,,,,,,-0.7000001;0;0
10.773159,,,,,,,,,,,,,,,,,,,,10.773114,,,,,,,,,,,,,,,,,,,,,,,,,,-0.22058800796374492,,,,,,,,,,,,,,,,,,,,,,,,,,,,,,,,-0.85000014;0;0
10.813054,,,,,,,,,,,,,,,,,,,,10.813023,,,,,,,,,,,,,,,,,,,,,,,,,,-0.18150955463010374,,,,,,,,,,,,,,,,,,,,,,0
10.852943,,,,,,,,,,,,,,,,,,,,10.852912,,,,,,,,,,,,,,,,,,,,,,,,,,-0.14214916144442732
10.892636,,10,,,,,,1630,,,,,,,,,,,,10.892605,,,,,,,,,,,,,,,,,,-0.10654936461388075,-1.278592375366569,,,,,,,-0.10275758455442487,,,,,,,,,-0.9882697947214076
10.912592,,,,,,,,,,,,,,,,,,,,10.912556,,,,,,,,,,,,,,,,,,,,,,,,,,-0.08288907663108688
10.952702,,,,,,,,,,,,,,,,,,,,10.952669,,,,,,,,,,,,,,,,,,,,,,,,,,-0.04286115348652394
10.992603,,,,,,,,,,,,,,,,,,,,10.992595,,,,,,,,,,,,,,,,,,,,,,,,,,-0.022928278166877605
11.012558,12,,,," UnderVoltage:0 ForwardLimitSwitch:0 ReverseLimitSwitch:0 ForwardSoftLimit:0 ReverseSoftLimit:0 HardwareFailure:0 ResetDuringEn:0 SensorOverflow:0 SensorOutOfPhase:0 HardwareESDReset:0 RemoteLossOfSignal:0 APIError:0 SupplyOverV:0 SupplyUnstable:0",0,,,0,0,0,,,0,0,0,,,,11.012527,,,,0,0,0,12,,,," UnderVoltage:0 ForwardLimitSwitch:0 ReverseLimitSwitch:0 ForwardSoftLimit:0 ReverseSoftLimit:0 HardwareFailure:0 ResetDuringEn:0 SensorOverflow:0 SensorOutOfPhase:0 HardwareESDReset:0 RemoteLossOfSignal:0 APIError:0 SupplyOverV:0 SupplyUnstable:0",0,,,0,0,0,0,0,0,0,0,,,,0.01698089625387026,,,,0,0,0,12," UnderVoltage:0 ForwardLimitSwitch:0 ReverseLimitSwitch:0 ForwardSoftLimit:0 ReverseSoftLimit:0 HardwareFailure:0 ResetDuringEn:0 SensorOverflow:0 SensorOutOfPhase:0 HardwareESDReset:0 RemoteLossOfSignal:0 APIError:0 SupplyOverV:0 SupplyUnstable:0",-0.9990224828934506,12,"0",0,,,0,0,0,0,,,,,,,,0,,25
11.053451,,,,,,,,,,,,,,,,,,,,11.053411,,,,,,,,,,,,,,,,,,,,,,,,,,0.057842409458243406
11.093349,,11,11,,,,0,4076,,,,,,,,,,,,11.093311,,,,,,,,,,,,,,,,,,,,,,,,,,0.09761302955122839
11.113292,,,,,,,,,,,,,,,,,,,,11.11325,,,,,,,,,,,,,0,,,,,0.039100684261974585,0.46920821114369504,,,,,,,0.11744403651340414,,,,,,,,,-0.9980449657869013
11.153165,,,,,,,,,,,,,,,,,"Position",,,11.153132,,,,,,,,,,,,,,,,,,,,,,,,,,0.15693824449572524
11.193075,,,,,,,,,,,,,,,,,,0,"Neutral",11.193025,,,,,,,,,,,,,,,,,,,,,,,"PercentOutput",0,"Neutral",0.19621728352694726,,,,,,,,,,,,,,,,,,,"PercentOutput"
11.213091,,,,0,,,,,,,,,,,,,,,,11.212976,,,,,,,,,,,,,,,,,,0.16226783968719452,1.9472140762463344,,,,,,,0.21575864949768947,,,,,,,,,-0.9794721407624634,,,,,,,,,,,,,-0.05000000074505806,,,,,,,,,,-1;0;0
11.233023,,,,,,,,,,,,,,,,,,,,11.232921,,,,,,,,,,,,,,,,,,,,,,,,,,0.2352227210673396,,,,,,,,,,,,,,,,,,,,,,-0.20000000298023224,,,,,,,,,,-1;-0.05;0
11.252891,,,,,,,,,,,,,,,,,,,,11.252863,,,,,,,,,,,,,,,,,,,,,,,,,,0.25448459314660854,,,,,,,,,,,,,,,,,,,,,,-0.3500000238418579,,,,,,,,,,-1;-0.2;0
11.292011,,,,,,,,,,,,,,,,,,,,11.291989,,,,,,,,,,,,,,,,,,,,,,,,,,0.29211228635544867,,,,,,,,,,,,,,,,,,,,,,-0.5000000596046448,,,,,,,,,,-0.9;-0.35000002;0
11.312929,,,,,,,,,,,,,,,,,,,,11.312905,,,,,,,,,,,,,,,,,,,,,,,,,,0.3120525621721186,,,,,,,,,,,,,,,,,,,,,,-0.6500000953674316,,,,,,,,,,-0.74999994;-0.50000006;0
11.332907,,,,,,,,6738,,,,0,0,,,,,,,11.332822,,,,,,,,,,,,,,,,,,0.28347996089931576,3.4017595307917894,,,,,,,0.330914691998803,,,,,,,,,-0.9472140762463344,,,,,,,,,,,,,-0.8000001311302185,,,,,,,,,,-0.5999999;-0.6500001;0
11.352793,,,,,,,,,,,,,,,,,,,,11.352764,,,,,,,,,,,,,,,,,,,,,,,,,,0.3496680021687863,,,,,,,,,,,,,,,,,,,,,,-0.9500001668930054,,,,,,,,,,-0.44999987;-0.80000013;0
11.372559,,,,,,,,,,,,,,,,,,,,11.372488,,,,,,,,,,,,,,,,,,,,,,,,,,0.36807768590809214,,,,,,,,,,,,,,,,,,,,,,,,,,,,,,,,-0.29999983;-0.95000017;0
11.413395,,,,,,,,,,,,,,,,,,,,11.413368,,,,,,,,,,,,,,,,,,,,,,,,,,0.4057677750235377,,,,,,,,,,,,,,,,,,,,,,-1,,,,,,,,,,-0.14999984;-1;0
11.453305,,,,,,,,,,,,,,,,,,,,11.453281,,,,,,,,,,,,,,,,,,0.3616813294232649,4.340175953079179,,,,,,,0.44191266777155486,,,,,,,,,-0.9178885630498533
11.493184,,,,,,,,,,,,,,,,,,,,11.493157,,,,,,,,,,,,,,,,,,,,,,,,,,0.477324738872223
11.533085,,,,,,,,,,,,,,,,,,,,11.533059,,,,,,,,,,,,,,,,,,,,,,,,,,0.511997599396584
11.572954,12,,,," UnderVoltage:0 ForwardLimitSwitch:0 ReverseLimitSwitch:0 ForwardSoftLimit:0 ReverseSoftLimit:0 HardwareFailure:0 ResetDuringEn:0 SensorOverflow:0 SensorOutOfPhase:0 HardwareESDReset:0 RemoteLossOfSignal:0 APIError:0 SupplyOverV:0 SupplyUnstable:0",0,,9422,0,0,0,,,0,0,0,,,,11.572923,,,,0,0,0,12,,,," UnderVoltage:0 ForwardLimitSwitch:0 ReverseLimitSwitch:0 ForwardSoftLimit:0 ReverseSoftLimit:0 HardwareFailure:0 ResetDuringEn:0 SensorOverflow:0 SensorOutOfPhase:0 HardwareESDReset:0 RemoteLossOfSignal:0 APIError:0 SupplyOverV:0 SupplyUnstable:0",0,,,0,0,0,0.49071358748778104,5.8885630498533725,0,0,0,,,,0.5458286094882043,,,,0,0,0,12," UnderVoltage:0 ForwardLimitSwitch:0 ReverseLimitSwitch:0 ForwardSoftLimit:0 ReverseSoftLimit:0 HardwareFailure:0 ResetDuringEn:0 SensorOverflow:0 SensorOutOfPhase:0 HardwareESDReset:0 RemoteLossOfSignal:0 APIError:0 SupplyOverV:0 SupplyUnstable:0",-0.852394916911046,12,"0",0,,,0,0,0,0,,,,,,,,0,,25
11.612878,,,,,,,,,,,,,,,,,,,,11.612871,,,,,,,,,,,,,,,,,,,,,,,,,,0.5624307916162951
11.632808,,,,,,,,,,,,,,,,,,,,11.632779,,,,,,,,,,,,,,,,,,,,,,,,,,0.5949727242093964
11.672728,,11,11,,,,0,,,,,,,,,,"Position",,,11.672674,,,,,,,,,,,,,,,,,,,,,,,,,,0.6265733876074101
11.692666,,,,,,,,,,,,,,,,,,,,11.692642,,,,,,,,,,,,,0,,,,,0.5933528836754643,7.120234604105573,,,,,,,0.6419890514864734,,,,,,,,,-0.7820136852394917
11.712591,,,,,,,,,,,,,,,,,,0,"Neutral",11.712565,,,,,,,,,,,,,,,,,,,,,,,"PercentOutput",0,"Neutral",0.6571381345848702,,,,,,,,,,,,,,,,,,,"PercentOutput"
11.753507,,,,,,,,,,,,,,,,,,,,11.753484,,,,,,,,,,,,,,,,,,,,,,,,,,0.6874208033340709
11.793411,,,,0,,,,12073,,,,,,,,,,,,11.793403,,,,,,,,,,,,,,,,,,0.6744868035190615,8.093841642228739,,,,,,,0.7017548253203153,,,,,,,,,-0.7135874877810362
11.813374,,,,,,,,,,,,,,,,,,,,11.813345,,,,,,,,,,,,,,,,,,,,,,,,,,0.7296422944361776
11.853242,,,,,,,,,,,,,,,,,,,,11.853213,,,,,,,,,,,,,,,,,,,,,,,,,,0.7563175229073248
11.893137,,,,,,,,,,,,0,0,,,,,,,11.893107,,,,,,,,,,,,,,,,,,,,,,,,,,0.7818058011390735
11.913079,,,,,,,,,,,,,,,,,,,,11.913051,,,,,,,,,,,,,,,,,,0.7585532746823069,9.102639296187682,,,,,,,0.7940862336038642,,,,,,,,,-0.6236559139784946,,,,,,,,,,,,,-1
11.933014,,,,,,,,,,,,,,,,,,,,11.932986,,,,,,,,,,,,,,,,,,,,,,,,,,0.8060448364552503,,,,,,,,,,,,,,,,,,,,,,-0.8999999761581421,,,,,,,,,,0;-1;0
11.952963,,,,,,,,,,,,,,,,,,,,11.952934,,,,,,,,,,,,,,,,,,,,,,,,,,0.8176900001200672,,,,,,,,,,,,,,,,,,,,,,-0.7499999403953552,,,,,,,,,,0;-0.9;0
11.972884,,,,,,,,,,,,,,,,,,,,11.972863,,,,,,,,,,,,,,,,,,,,,,,,,,0.8289952567921646,,,,,,,,,,,,,,,,,,,,,,-0.5999999046325684,,,,,,,,,,0;-0.74999994;0
12.012838,,,12,,,,,,,,,,,,,,,,,12.012761,,,,,,,,,,,,,,,,,,0.8328445747800587,9.994134897360704,,,,,,,0.8506438394684617,,,,,,,,,-0.5239491691104594,,,,,,,,,,,,,-0.4499998688697815,,,,,,,,,,0;-0.5999999;0
12.032742,,,,,,,,,,,,,,,,,,,,12.032713,,,,,,,,,,,,,,,,,,,,,,,,,,0.8609659914599835,,,,,,,,,,,,,,,,,,,,,,-0.24999983608722687,,,,,,,,,,0;-0.44999987;0
12.052705,,,,,,,,,,,,,,,,,,,,12.052676,,,,,,,,,,,,,,,,,,,,,,,,,,0.8709486873446581,,,,,,,,,,,,,,,,,,,,,,1.564621925354004e-07,,,,,,,,,,0;-0.24999984;0
12.092595,,,,,,,,,,,,,,,,,,,,12.09257,,,,,,,,,,,,,,,,,,,,,,,,,,0.8898515572830155,,,,,,,,,,,,,,,,,,,,,,0.15000015497207642,,,,,,,,,,0;1.5646219e-07;0
12.113306,12,,,," UnderVoltage:0 ForwardLimitSwitch:0 ReverseLimitSwitch:0 ForwardSoftLimit:0 ReverseSoftLimit:0 HardwareFailure:0 ResetDuringEn:0 SensorOverflow:0 SensorOutOfPhase:0 HardwareESDReset:0 RemoteLossOfSignal:0 APIError:0 SupplyOverV:0 SupplyUnstable:0",0,,14735,0,0,0,,,0,0,0,,,,12.113155,,,,0,0,0,12,,,," UnderVoltage:0 ForwardLimitSwitch:0 ReverseLimitSwitch:0 ForwardSoftLimit:0 ReverseSoftLimit:0 HardwareFailure:0 ResetDuringEn:0 SensorOverflow:0 SensorOutOfPhase:0 HardwareESDReset:0 RemoteLossOfSignal:0 APIError:0 SupplyOverV:0 SupplyUnstable:0",0,,,0,0,0,0.884652981427175,10.6158357771261,0,0,0,,,,0.899053400634654,,,,0,0,0,12," UnderVoltage:0 ForwardLimitSwitch:0 ReverseLimitSwitch:0 ForwardSoftLimit:0 ReverseSoftLimit:0 HardwareFailure:0 ResetDuringEn:0 SensorOverflow:0 SensorOutOfPhase:0 HardwareESDReset:0 RemoteLossOfSignal:0 APIError:0 SupplyOverV:0 SupplyUnstable:0",-0.43304007820136853,12,"0",0,,,0,0,0,0,,,,0.3000001609325409,,,,0,,25,,,,0;0.15000015;0
12.133155,,,,,,,,,,,,,,,,,,,,12.133124,,,,,,,,,,,,,,,,,,,,,,,,,,0.9076197172332345,,,,,,,,,,,,,,,,,,,,,,0.45000019669532776,,,,,,,,,,0;0.30000016;0
12.153076,,,,,,,,,,,,,,,,,,,,12.153053,,,,,,,,,,,,,,,,,,,,,,,,,,0.9158017804854143,,,,,,,,,,,,,,,,,,,,,,0.6000002026557922,,,,,,,,,,0;0.4500002;0
12.173044,,,,,,,,,,,,,,,,,"Position",,,12.173021,,,,,,,,,,,,,,,,,,,,,,,,,,0.923638821000444,,,,,,,,,,,,,,,,,,,,,,0.7500002384185791,,,,,,,,,,0;0.6000002;0
12.21294,,,,,,,,,,,,,,,,,,0,"Neutral",12.212913,,,,,,,,,,,,,,,,,,,,,,,"PercentOutput",0,"Neutral",0.9381901449868655,,,,,,,,,,,,,,,,,,,"PercentOutput",,,0.900000274181366,,,,,,,,,,0;0.75000024;0
12.232919,,11,,,,,0,,,,,,,,,,,,,12.232839,,,,,,,,,,,,,0,,,,,0.9345063538611925,11.21407624633431,,,,,,,0.9448995807767648,,,,,,,,,-0.31867057673509286,,,,,,,,,,,,,1,,,,,,,,,,0;0.9000003;0
12.272768,,,,,,,,,,,,,,,,,,,,12.272728,,,,,,,,,,,,,,,,,,,,,,,,,,0.9572069049063439
12.31266,,,,,,,,,,,,,,,,,,,,12.312629,,,,,,,,,,,,,,,,,,,,,,,,,,0.9679872308319407
12.35259,,,,,,,,,,,,,,,,,,,,12.352583,,,,,,,,,,,,,,,,,,,,,,,,,,0.9728021765833269
12.372272,,12,,0,,,,17617,,,,,,,,,,,,12.372244,,,,,,,,,,,,,,,,,,0.9716520039100685,11.659824046920821,,,,,,,0.9812217364669061,,,,,,,,,-0.198435972629521
12.413159,,,,,,,,,,,,,,,,,,,,12.413136,,,,,,,,,,,,,,,,,,,,,,,,,,0.9882858891767887
12.453051,,,,,,,,,,,,0,0,,,,,,,12.453026,,,,,,,,,,,,,,,,,,,,,,,,,,0.9935857480720087
12.473006,,,,,,,,,,,,,,,,,,,,12.472978,,,,,,,,,,,,,,,,,,0.989247311827957,11.870967741935484,,,,,,,0.9956445962950551,,,,,,,,,-0.09579667644183773
12.512876,,,,,,,,,,,,,,,,,,,,12.512852,,,,,,,,,,,,,,,,,,,,,,,,,,0.9985693973602274
12.552765,,,,,,,,,,,,,,,,,,,,12.552739,,,,,,,,,,,,,,,,,,,,,,,,,,0.9999074178443372
12.592681,,,12,,,,,20461,,,,,,,,,,,,12.592657,,,,,,,,,,,,,,,,,,0.9990224828934506,11.988269794721408,,,,,,,0.9996539280764062,,,,,,,,,0
12.632583,,,,,,,,,,,,,,,,,,,,12.632548,,,,,,,,,,,,,,,,,,,,,,,,,,0.9978088930427876
12.673456,12,,,," UnderVoltage:0 ForwardLimitSwitch:0 ReverseLimitSwitch:0 ForwardSoftLimit:0 ReverseSoftLimit:0 HardwareFailure:0 ResetDuringEn:0 SensorOverflow:0 SensorOutOfPhase:0 HardwareESDReset:0 RemoteLossOfSignal:0 APIError:0 SupplyOverV:0 SupplyUnstable:0",0,,,0,0,0,,,0,0,0,"Position",,,12.673424,,,,0,0,0,,,,,,,,,,,,,,,,,,,,0.9942723714933646
12.693398,,,,,,,,,,,,,,,,,,,,12.693368,,,,,,,12,,,," UnderVoltage:0 ForwardLimitSwitch:0 ReverseLimitSwitch:0 ForwardSoftLimit:0 ReverseSoftLimit:0 HardwareFailure:0 ResetDuringEn:0 SensorOverflow:0 SensorOutOfPhase:0 HardwareESDReset:0 RemoteLossOfSignal:0 APIError:0 SupplyOverV:0 SupplyUnstable:0",0,,,0,0,0,0.9960899315738025,11.95307917888563,0,0,0,,,,0.9919431178977128,,,,0,0,0,12," UnderVoltage:0 ForwardLimitSwitch:0 ReverseLimitSwitch:0 ForwardSoftLimit:0 ReverseSoftLimit:0 HardwareFailure:0 ResetDuringEn:0 SensorOverflow:0 SensorOutOfPhase:0 HardwareESDReset:0 RemoteLossOfSignal:0 APIError:0 SupplyOverV:0 SupplyUnstable:0",0.04887585532746823,12,"0",0,,,0,0,0,0,,,,,,,,0,,25
12.733289,,,,,,,,,,,,,,,,,,0,"Neutral",12.733265,,,,,,,,,,,,,,,,,,,,,,,"PercentOutput",0,"Neutral",0.9861016072606712,,,,,,,,,,,,,,,,,,,"PercentOutput",,,1
12.773199,,,,,,,,,,,,,,,,,,,,12.773179,,,,,,,,,,,,,,,,,,,,,,,,,,0.9786873543141302,,,,,,,,,,,,,,,,,,,,,,0.949999988079071,,,,,,,,,,0;1;0
12.813073,,,,,,,0,23401,,,,,,,,,,,,12.813049,,,,,,,,,,,,,0,,,,,0.9775171065493646,11.730205278592376,,,,,,,0.9697234833954408,,,,,,,,,0.17204301075268819,,,,,,,,,,,,,0.7999999523162842,,,,,,,,,,0;0.95;0
12.83306,,,,,,,,,,,,,,,,,,,,12.833036,,,,,,,,,,,,,,,,,,,,,,,,,,0.9646489216756348,,,,,,,,,,,,,,,,,,,,,,0.6499999165534973,,,,,,,,,,0;0.79999995;0
12.852979,,,,,,,,,,,,,,,,,,,,12.852955,,,,,,,,,,,,,,,,,,,,,,,,,,0.9592084846688163,,,,,,,,,,,,,,,,,,,,,,0.49999988079071045,,,,,,,,,,0;0.6499999;0
12.89255,,,,,,,,,,,,,,,,,,,,12.892526,,,,,,,,,,,,,,,,,,,,,,,,,,0.9472737996632793,,,,,,,,,,,,,,,,,,,,,,0.29999983310699463,,,,,,,,,,0;0.49999988;0
12.913566,,12,,0,,,,,,,,,,,,,,,,12.913481,,,,,,,,,,,,,,,,,,0.9452590420332356,11.343108504398828,,,,,,,0.9403487457747898,,,,,,,,,0.2913000977517107,,,,,,,,,,,,,-1.564621925354004e-07,,,,,,,,,,0;0.29999983;0
12.933464,,,,,,,,,,,,,,,,,,,,12.93344,,,,,,,,,,,,,,,,,,,,,,,,,,0.9333752002015342,,,,,,,,,,,,,,,,,,,,,,-0.15000015497207642,,,,,,,,,,0;-1.5646219e-07;0
12.953391,,,,,,,,,,,,,,,,,,,,12.953363,,,,,,,,,,,,,,,,,,,,,,,,,,0.92603814475707,,,,,,,,,,,,,,,,,,,,,,-0.3000001609325409,,,,,,,,,,0;-0.15000015;0
12.973361,,,,,,,,,,,,,,,,,,,,12.973327,,,,,,,,,,,,,,,,,,,,,,,,,,0.9183167236741111,,,,,,,,,,,,,,,,,,,,,,-0.45000019669532776,,,,,,,,,,0;-0.30000016;0
13.013261,,,,,,,,,,,,,,,,,,,,13.013218,,,,,,,,,,,,,,,,,,,,,,,,,,0.9017961860446208,,,,,,,,,,,,,,,,,,,,,,-0.6000002026557922,,,,,,,,,,0;-0.4500002;0
13.033322,,,13,,,,,26293,,,,0,0,,,,,,,13.033162,,,,,,,,,,,,,,,,,,0.8973607038123167,10.7683284457478,,,,,,,0.8930069329767398,,,,,,,,,0.40860215053763443,,,,,,,,,,,,,-0.7500002384185791,,,,,,,,,,0;-0.6000002;0
13.05269,,,,,,,,,,,,,,,,,,,,13.052664,,,,,,,,,,,,,,,,,,,,,,,,,,0.8840600054090528,,,,,,,,,,,,,,,,,,,,,,-0.900000274181366,,,,,,,,,,0;-0.75000024;0
13.072552,,,,,,,,,,,,,,,,,,,,13.072346,,,,,,,,,,,,,,,,,,,,,,,,,,0.8746692004007577,,,,,,,,,,,,,,,,,,,,,,,,,,,,,,,,0;-0.9000003;0
13.113289,,,,,,,,,,,,,,,,,,,,13.11328,,,,,,,,,,,,,,,,,,,,,,,,,,0.8643477551310282,,,,,,,,,,,,,,,,,,,,,,-1
13.133207,,,,,,,,,,,,,,,,,,,,13.133184,,,,,,,,,,,,,,,,,,,,,,,,,,0.8436044839172365
13.173104,,,,,,,,,,,,,,,,,,,,13.173083,,,,,,,,,,,,,,,,,,0.8367546432062561,10.041055718475073,,,,,,,0.8215161188270798,,,,,,,,,0.5171065493646139
13.212991,,,,,,,,,,,,,,,,,"Position",,,13.212967,,,,,,,,,,,,,,,,,,,,,,,,,,0.7981257499578299
13.232934,,,,,,,,,,,,,,,,,,0,"Neutral",13.232905,,,,,,,,,,,,,,,,,,,,,,,"PercentOutput",0,"Neutral",0.7859517407411658,,,,,,,,,,,,,,,,,,,"PercentOutput",,,,,,,,,,,,,,,,,,,,,,,,,,,,,,,,,,,,,,,,,,,,,,,,,,,,,,,,,2022-03-30 08:00:00.680276
13.272833,12,13,,," UnderVoltage:0 ForwardLimitSwitch:0 ReverseLimitSwitch:0 ForwardSoftLimit:0 ReverseSoftLimit:0 HardwareFailure:0 ResetDuringEn:0 SensorOverflow:0 SensorOutOfPhase:0 HardwareESDReset:0 RemoteLossOfSignal:0 APIError:0 SupplyOverV:0 SupplyUnstable:0",0,,29389,0,0,0,,,0,0,0,,,,13.272808,,,,0,0,0,,,,,,,,,,,,,,,,,,,,0.760665658933962
13.312727,,,,,,,,,,,,,,,,,,,,13.312694,,,,,,,12,,,," UnderVoltage:0 ForwardLimitSwitch:0 ReverseLimitSwitch:0 ForwardSoftLimit:0 ReverseSoftLimit:0 HardwareFailure:0 ResetDuringEn:0 SensorOverflow:0 SensorOutOfPhase:0 HardwareESDReset:0 RemoteLossOfSignal:0 APIError:0 SupplyOverV:0 SupplyUnstable:0",0,0,,0,0,0,0.750733137829912,9.008797653958943,0,0,0,,,,0.7341683142019662,,,,0,0,0,12," UnderVoltage:0 ForwardLimitSwitch:0 ReverseLimitSwitch:0 ForwardSoftLimit:0 ReverseSoftLimit:0 HardwareFailure:0 ResetDuringEn:0 SensorOverflow:0 SensorOutOfPhase:0 HardwareESDReset:0 RemoteLossOfSignal:0 APIError:0 SupplyOverV:0 SupplyUnstable:0",0.6344086021505376,12,"0",0,,,0,0,0,0,,,,,,,,0,,25
13.352609,,,,,,,,,,,,,,,,,,,,13.352583,,,,,,,,,,,,,,,,,,,,,,,,,,0.706513112511481
13.392761,,,,,,,,,,,,,,,,,,,,13.392735,,,,,,,,,,,,,,,,,,,,,,,,,,0.6775364763600276
13.432644,,,,,,,0,,,,,,,,,,,,,13.43262,,,,,,,,,,,,,,,,,,0.6637341153470185,7.964809384164223,,,,,,,0.6476719461199593,,,,,,,,,0.7243401759530792
13.472539,,,,,,,,,,,,,,,,,,,,13.472511,,,,,,,,,,,,,,,,,,,,,,,,,,0.616767884966251
13.513454,,,,0,,,,32522,,,,,,,,,,,,13.513391,,,,,,,,,,,,,,,,,,0.5826001955034213,6.991202346041057,,,,,,,0.5840838761266,,,,,,,,,,,,,,,,,,,,,,-0.949999988079071,,,,,,,,,,0;-1;0
13.533383,,,,,,,,,,,,,,,,,,,,13.53335,,,,,,,,,,,,,,,,,,,,,,,,,,0.5677630913965593,,,,,,,,,0.7908113391984359,,,,,,,,,,,,,-0.7999999523162842,,,,,,,,,,0;-0.95;0
13.552773,,,,,,,,,,,,,,,,,,,,13.552748,,,,,,,,,,,,,,,,,,,,,,,,,,0.5516956704552057,,,,,,,,,,,,,,,,,,,,,,-0.6499999165534973,,,,,,,,,,0;-0.79999995;0
13.572998,,,,,,,,,,,,,,,,,,,,13.57181,,,,,,,,,,,,,,,,,,,,,,,,,,0.5356944514006703,,,,,,,,,,,,,,,,,,,,,,,,,,,,,,,,0;-0.6499999;0
13.612734,,,,,,,,,,,,,,,,,,,,13.61271,,,,,,,,,,,,,,,,,,,,,,,,,,0.5007231001282157,,,,,,,,,,,,,,,,,,,,,,-0.3499998450279236,,,,,,,,,,0;-0.49999988;0
13.632734,,,,,,,,,,,,0,0,,,,"PercentOutput",,,0.10000000149011612,,,,,,,,,,,,,,,,,,0.47996089931573804,5.7595307917888565,,,,,,,0.483353108117472,,,,,,,,,0.8592375366568915,,,,,,,,,,,,,-0.1999998390674591,,,,,,,,,,0;-0.34999985;0
13.652629,,,,,,,,,,,,,,,,,,,,0.25,,,,,,,,,,,,,,,,,,,,,,,,,,0.46580130758945476,,,,,,,,,,,,,,,,,,,,,,-0.049999844282865524,,,,,,,,,,0.1;-0.19999984;0
13.672731,,,,,,,,,,,,,,,,,,,,,,,,,,,,,,,,,,,,,,,,,,,,,,0.448058926329585,,,,,,,,,,,,,,,,,,,,,,,,,,,,,,,,0.25;-0.049999844;0
13.713488,,,,,,,,,,,,,,,,,,,,0.5500000715255737,,,,,,,,,,,,,,,,,,,,,,,,,,0.41111962127206647,,,,,,,,,,,,,,,,,,,,,,0,,,,,,,,,,0.40000004;0;0
13.753334,,,,,,,,,,,,0.530791788856305,6.3695014662756595,,,,,0,"Neutral",0.7000001072883606,,,,,,,,,,,,,,,,,,0.386119257086999,4.633431085043988,,,,"PercentOutput",0,"Neutral",0.3928410131222558,,,,,,,,,0.9071358748778103,,,,,,,,,,"PercentOutput",,,,,,,,,,,,,0.5500001;0;0
13.766278,,,,,,,,,,,,,,,,,,,,,,,,,,,,,,,,,,,,,,,,,,,,,,0.3624459371354944,,,,,,,,,,,,,,,,,,,,,,,,,,,,,,,,0.7000001;0;0
13.795491,,,,,,,,,,,,,,,,,,,,0.8500001430511475,,,,,,,,,,,,,,,,,,,,,,,,,,0.33809121929545977,,,,,,,,,,,,,,,,,,,,,,,,,,,,,,,,0.85000014;0;0
13.83316,,,,,,,,,,,,,,,,,,,,1,,,,,,,,,,,,,,,,,,,,,,,,,,0.2993477094303932,,,,,,,,,,,,,,,,,,,,,,,,,,,,,,,,0.95000017;0;0
13.873036,12,,,," UnderVoltage:0 ForwardLimitSwitch:0 ReverseLimitSwitch:0 ForwardSoftLimit:0 ReverseSoftLimit:0 HardwareFailure:0 ResetDuringEn:0 SensorOverflow:0 SensorOutOfPhase:0 HardwareESDReset:0 RemoteLossOfSignal:0 APIError:0 SupplyOverV:0 SupplyUnstable:0",0,,,0,0,0,1,12,0,0,0,,,,,,,,0,0,0,12,,,," UnderVoltage:0 ForwardLimitSwitch:0 ReverseLimitSwitch:0 ForwardSoftLimit:0 ReverseSoftLimit:0 HardwareFailure:0 ResetDuringEn:0 SensorOverflow:0 SensorOutOfPhase:0 HardwareESDReset:0 RemoteLossOfSignal:0 APIError:0 SupplyOverV:0 SupplyUnstable:0",0,0,,0,0,0,0.2697947214076246,3.2375366568914954,0,0,0,,,,0.26107141249446914,,,,0,0,0,12," UnderVoltage:0 ForwardLimitSwitch:0 ReverseLimitSwitch:0 ForwardSoftLimit:0 ReverseSoftLimit:0 HardwareFailure:0 ResetDuringEn:0 SensorOverflow:0 SensorOutOfPhase:0 HardwareESDReset:0 RemoteLossOfSignal:0 APIError:0 SupplyOverV:0 SupplyUnstable:0",0.9521016617790812,12,"0",0,,,0,0,0,0,,,,,,,,0,,25
13.912949,,,,,,,,,,,,,,,,,,,,,,,,,,,,,,,,,,,,,,,,,,,,,,0.22234492259553065
13.952842,,,,,,,,,,,,,,,,,,,,,,,,,,,,,,,,,,,,,,,,,,,,,,0.18328491797487506
13.992718,,,,,,,0,,,,,,,,,,,,,,,,,,,,,,,,,,,,,,,0.14858260019550343,1.7829912023460412,,,,,,,0.1439491109873555,,,,,,,,,0.9814271749755621
14.032633,,,,,,,,,,,,,,,,,,,,,,,,,,,,,,,,,,,,,,,,,,,,,,0.10434465994820331
14.052559,,,,,,,,,,,,,,,,,,,,,,,,,,,,,,,,,,,,,,,,,,,,,,0.08450902574732051
14.093444,,,,,,,,,,,,,,,,,,,,,,,,,,,,,,,,,,,,,,0.04594330400782014,0.5513196480938416,,,,,,,0.04371100974852461,,,,,,,,,0.9960899315738025
14.133109,,,,,,,,,,,,,,,,,"PercentOutput",,,,,,,,,,,,,,,,,,,,,,,,,,,,,0.004059930000660335
14.173033,,,,,,,,,,,,,,,,,,,,,,,,,,,,,,,,,,,,,,,,,,,,,,-0.035855371741033724
14.21289,,,,,,,,,,,,,,,,,,,,,,,,,,,,,,,,,,,,,,0,0,,,,,,,-0.075648719549852,,,,,,,,,0.9990224828934506,,,,,,,,,,,,,0
14.232831,,,,,,,,,,,,,,,,,,,,0.8999999761581421,,,,,,,,,,,,,,,,,,,,,,,,,,-0.0955162213490148,,,,,,,,,,,,,,,,,,,,,,,,,,,,,,,,1;0;0
14.252781,,,,,,,,,,,,,,,,,,0,"Neutral",0.7499999403953552,,,,,,,,,,,,,,,,,,,,,,,"PercentOutput",0,"Neutral",-0.11535468292796888,,,,,,,,,,,,,,,,,,,"PercentOutput",,,,,,,,,,,,,0.9;0;0
14.292669,,,,,,,,,,,,,,,,,,,,0.5999999046325684,,,,,,,,,,,,,,,,,,,,,,,,,,-0.1548751318084744,,,,,,,,,,,,,,,,,,,,,,,,,,,,,,,,0.74999994;0;0
14.312693,,,,,,,,,,,,0.5826001955034213,6.991202346041057,,,,,,,0.4499998688697815,,,,,,,,,,,,,,,,,,-0.11925708699902249,-1.4310850439882699,,,,,,,-0.17458084419908745,,,,,,,,,0.9863147605083089,,,,,,,,,,,,,,,,,,,,,,,0.5999999;0;0
14.332565,,,,,,,,,,,,,,,,,,,,0.29999983310699463,,,,,,,,,,,,,,,,,,,,,,,,,,-0.1941560533334585,,,,,,,,,,,,,,,,,,,,,,,,,,,,,,,,0.44999987;0;0
14.353523,,,,,,,,,,,,,,,,,,,,0.14999984204769135,,,,,,,,,,,,,,,,,,,,,,,,,,-0.21466523240603022,,,,,,,,,,,,,,,,,,,,,,,,,,,,,,,,0.29999983;0;0
14.3735,,,,,,,,,,,,,,,,,"Position",,,14.373471,,,,,,,,,,,,,,,,,,,,,,,,,,-0.2341372526810179,,,,,,,,,,,,,,,,,,,,,,,,,,,,,,,,0.14999984;0;0
14.413321,,,,,,,,,,,,,,,,,,,,14.413312,,,,,,,,,,,,,,,,,,,,,,,,,,-0.2533793934427956,,,,,,,,,,,,,,,,,,,,,,,,,,,,,,,,0;0;0
14.432321,12,13,14,0," UnderVoltage:0 ForwardLimitSwitch:0 ReverseLimitSwitch:0 ForwardSoftLimit:0 ReverseSoftLimit:0 HardwareFailure:0 ResetDuringEn:0 SensorOverflow:0 SensorOutOfPhase:0 HardwareESDReset:0 RemoteLossOfSignal:0 APIError:0 SupplyOverV:0 SupplyUnstable:0",0,,34810,0,0,0,0,0,0,0,0,,,,14.432302,,,,0,0,0,12,,,," UnderVoltage:0 ForwardLimitSwitch:0 ReverseLimitSwitch:0 ForwardSoftLimit:0 ReverseSoftLimit:0 HardwareFailure:0 ResetDuringEn:0 SensorOverflow:0 SensorOutOfPhase:0 HardwareESDReset:0 RemoteLossOfSignal:0 APIError:0 SupplyOverV:0 SupplyUnstable:0",0,0,,0,0,0,-0.22189638318670576,-2.662756598240469,0,0,0,,,,-0.2908862937491763,,,,0,0,0,12," UnderVoltage:0 ForwardLimitSwitch:0 ReverseLimitSwitch:0 ForwardSoftLimit:0 ReverseSoftLimit:0 HardwareFailure:0 ResetDuringEn:0 SensorOverflow:0 SensorOutOfPhase:0 HardwareESDReset:0 RemoteLossOfSignal:0 APIError:0 SupplyOverV:0 SupplyUnstable:0",0.9648093841642229,12,"0",0,,,0,0,0,0,,,,,,,,0,,25,,,,-0.15;0;0
14.453252,,,,,,,,,,,,,,,,,,,,14.453232,,,,,,,,,,,,,,,,,,,,,,,,,,-0.31084605774524937,,,,,,,,,,,,,,,,,,,,,,,,,,,,,,,,-0.3;0;0
14.473199,,,,,,,,,,,,,,,,,,,,14.47318,,,,,,,,,,,,,,,,,,,,,,,,,,-0.3297417934799838,,,,,,,,,,,,,,,,,,,,,,,,,,,,,,,,-0.45000005;0;0
14.513087,,,,,,,,,,,,,,,,,,,,14.513067,,,,,,,,,,,,,,,,,,,,,,,,,,-0.3671266353664489,,,,,,,,,,,,,,,,,,,,,,,,,,,,,,,,-0.6000001;0;0
14.533082,,14,,,,,0,574,,,,,,,,,,,,14.533008,,,,,,,,,,,,,,,,,,-0.34017595307917886,-4.0821114369501466,,,,,,,-0.3856000324174867,,,,,,,,,0.9266862170087976,,,,,,,,,,,,,,,,,,,,,,,-0.7500001;0;0
14.552984,,,,,,,,,,,,,,,,,,,,14.552966,,,,,,,,,,,,,,,,,,,,,,,,,,-0.40393658481856254,,,,,,,,,,,,,,,,,,,,,,,,,,,,,,,,-0.90000015;0;0
14.592857,,,,,,,,,,,,,,,,,,,,14.59284,,,,,,,,,,,,,,,,,,,,,,,,,,-0.4400811641354844
14.632774,,,,,,,,,,,,,,,,,,,,14.632756,,,,,,,,,,,,,,,,,,,,,,,,,,-0.4755639971368513
14.672645,,,,,,,,,,,,,,,,,,,,14.672622,,,,,,,,,,,,,,,,,,-0.45356793743890517,-5.442815249266862,,,,,,,-0.5102513801564793,,,,,,,,,0.873900293255132
14.692607,,,,,,,,,,,,,,,,,,,,14.692585,,,,,,,,,,,,,,,,,,,,,,,,,,-0.5273164057076399
14.733478,,,,,,,,,,,,,,,,,,,,14.733461,,,,,,,,,,,,,,,,,,,,,,,,,,-0.5615923690536114,,,,,,,,,,,,,,,,,,,,,,0
14.773363,,,,,,,,3962,,,,,,,,,,0,"Neutral",14.773342,,,,,,,,,,,,,,,,,,-0.5425219941348973,-6.510263929618768,,,,"PercentOutput",0,"Neutral",-0.594138394238923,,,,,,,,,0.820136852394917,,,,,,,,,,"PercentOutput"
14.793324,,,,,,,,,,,,,,,,,,,,14.793305,,,,,,,,,,,,,,,,,,,,,,,,,,-0.61007564613562
14.833243,,,,,,,,,,,,,,,,,,,,14.833224,,,,,,,,,,,,,,,,,,,,,,,,,,-0.6412107722351694
14.872952,,,,,,,,,,,,,,,,,,,,14.872895,,,,,,,,,,,,,,,,,,-0.6412512218963832,-7.6950146627565985,,,,,,,-0.6711389356948082,,,,,,,,,0.7429130009775171
14.912575,,,,,,,,,,,,,,,,,"Position",,,14.912554,,,,,,,,,,,,,,,,,,,,,,,,,,-0.7000068287698104
14.953459,,,,,,,,,,,,,,,,,,,,14.953441,,,,,,,,,,,,,,,,,,,,,,,,,,-0.7286104883116542
14.993343,12,,14,0," UnderVoltage:0 ForwardLimitSwitch:0 ReverseLimitSwitch:0 ForwardSoftLimit:0 ReverseSoftLimit:0 HardwareFailure:0 ResetDuringEn:0 SensorOverflow:0 SensorOutOfPhase:0 HardwareESDReset:0 RemoteLossOfSignal:0 APIError:0 SupplyOverV:0 SupplyUnstable:0",0,,7350,0,0,0,0,0,0,0,0,,,,14.993323,,,,0,0,0,12,,,," UnderVoltage:0 ForwardLimitSwitch:0 ReverseLimitSwitch:0 ForwardSoftLimit:0 ReverseSoftLimit:0 HardwareFailure:0 ResetDuringEn:0 SensorOverflow:0 SensorOutOfPhase:0 HardwareESDReset:0 RemoteLossOfSignal:0 APIError:0 SupplyOverV:0 SupplyUnstable:0",0,0,,0,0,0,-0.7165200391006843,-8.59824046920821,0,0,0,,,,-0.7553414903800173,,,,0,0,0,12," UnderVoltage:0 ForwardLimitSwitch:0 ReverseLimitSwitch:0 ForwardSoftLimit:0 ReverseSoftLimit:0 HardwareFailure:0 ResetDuringEn:0 SensorOverflow:0 SensorOutOfPhase:0 HardwareESDReset:0 RemoteLossOfSignal:0 APIError:0 SupplyOverV:0 SupplyUnstable:0",0.6715542521994134,12,"0",0,,,0,0,0,0,,,,,,,,0,,25
15.013326,,,,,,,,,,,,,,,,,,,,15.013304,,,,,,,,,,,,,,,,,,,,,,,,,,-0.7682852994755681,,,,,,,,,,,,,,,,,,,,,,,,,,,,,,,,-1;0;0
15.033297,,,,,,,,,,,,,,,,,,,,15.033263,,,,,,,,,,,,,,,,,,,,,,,,,,-0.7809148312782166,,,,,,,,,,,,,,,,,,,,,,,,,,,,,,,,-0.9;0;0
15.053198,,,,,,,,,,,,,,,,,,,,15.053175,,,,,,,,,,,,,,,,,,,,,,,,,,-0.7931902864773428,,,,,,,,,,,,,,,,,,,,,,,,,,,,,,,,-0.74999994;0;0
15.073138,,,,,,,,,,,,,,,,,,,,15.073117,,,,,,,,,,,,,,,,,,,,,,,,,,-0.8051741452314299,,,,,,,,,,,,,,,,,,,,,,,,,,,,,,,,-0.5999999;0;0
15.11305,,14,15,,,,0,,,,,,,,,,,,,15.11303,,,,,,,,,,,,,,,,,,-0.7966764418377321,-9.560117302052785,,,,,,,-0.8281965493612375,,,,,,,,,0.5757575757575758,,,,,,,,,,,,,,,,,,,,,,,-0.44999987;0;0
15.132991,,,,,,,,,,,,,,,,,,,,15.132965,,,,,,,,,,,,,,,,,,,,,,,,,,-0.8392068399401862,,,,,,,,,,,,,,,,,,,,,,,,,,,,,,,,-0.29999983;0;0
15.152915,,,,,,,,,,,,,,,,,,,,15.152899,,,,,,,,,,,,,,,,,,,,,,,,,,-0.8498744778227252,,,,,,,,,,,,,,,,,,,,,,-0.10000000149011612,,,,,,,,,,-0.14999984;0;0
15.192806,,,,,,,,,,,,,,,,,,,,15.192799,,,,,,,,,,,,,,,,,,,,,,,,,,-0.860253197038129,,,,,,,,,,,,,,,,,,,,,,-0.25,,,,,,,,,,0;-0.1;0
15.212802,,15,,,,,,10836,,,,,,,,,,,,15.212745,,,,,,,,,,,,,,,,,,-0.8641251221896383,-10.36950146627566,,,,,,,-0.8798730833674716,,,,,,,,,0.4701857282502444,,,,,,,,,,,,,-0.40000003576278687,,,,,,,,,,0;-0.25;0
15.232722,,,,,,,,,,,,,,,,,,,,15.232698,,,,,,,,,,,,,,,,,,,,,,,,,,-0.8891814395243791,,,,,,,,,,,,,,,,,,,,,,-0.5500000715255737,,,,,,,,,,0;-0.40000004;0
15.25272,,,,,,,,,,,,,,,,,,,,15.252692,,,,,,,,,,,,,,,,,,,,,,,,,,-0.8981532151412268,,,,,,,,,,,,,,,,,,,,,,-0.7000001072883606,,,,,,,,,,0;-0.5500001;0
15.292581,,,,,,,,,,,,,,,,,,0,"Neutral",15.292563,,,,,,,,,,,,,,,,,,,,,,,"PercentOutput",0,"Neutral",-0.9149617235080576,,,,,,,,,,,,,,,,,,,"PercentOutput",,,-0.8500001430511475,,,,,,,,,,0;-0.7000001;0
15.31354,,,,,,,,,,,,,,,,,,,,15.313477,,,,,,,,,,,,,,,,,,-0.9110459433040078,-10.932551319648093,,,,,,,-0.9232010487174168,,,,,,,,,0.3782991202346041,,,,,,,,,,,,,-1,,,,,,,,,,0;-0.85000014;0
15.353414,,,,,,,,,,,,,,,,,,,,15.353396,,,,,,,,,,,,,,,,,,,,,,,,,,-0.9378027165182763
15.393257,,,,,,,,,,,,,,,,,"Position",,,15.393229,,,,,,,,,,,,,,,,,,,,,,,,,,-0.9508870313859773
15.433228,,,,,,,,14481,,,,,,,,,,,,15.433171,,,,,,,,,,,,,,,,,,-0.9481915933528837,-11.378299120234605,,,,,,,-0.9624856559612095,,,,,,,,,0.2805474095796676
15.452204,,,,,,,,,,,,,,,,,,,,15.452188,,,,,,,,,,,,,,,,,,,,,,,,,,-0.9674712419493544
15.493095,,,,,,,,,,,,,,,,,,,,15.493077,,,,,,,,,,,,,,,,,,,,,,,,,,-0.9770042772049795
15.533038,,,,,,,,,,,,,,,,,,,,15.533,,,,,,,,,,,,,,,,,,,,,,,,,,-0.9847391995422934
15.572862,12,,,0," UnderVoltage:0 ForwardLimitSwitch:0 ReverseLimitSwitch:0 ForwardSoftLimit:0 ReverseSoftLimit:0 HardwareFailure:0 ResetDuringEn:0 SensorOverflow:0 SensorOutOfPhase:0 HardwareESDReset:0 RemoteLossOfSignal:0 APIError:0 SupplyOverV:0 SupplyUnstable:0",0,,,0,0,0,0,0,0,0,0,,,,15.572835,,,,0,0,0,12,,,," UnderVoltage:0 ForwardLimitSwitch:0 ReverseLimitSwitch:0 ForwardSoftLimit:0 ReverseSoftLimit:0 HardwareFailure:0 ResetDuringEn:0 SensorOverflow:0 SensorOutOfPhase:0 HardwareESDReset:0 RemoteLossOfSignal:0 APIError:0 SupplyOverV:0 SupplyUnstable:0",0,0,,0,0,0,-0.9794721407624634,-11.75366568914956,0,0,0,,,,-0.990887427055585,,,,0,0,0,12," UnderVoltage:0 ForwardLimitSwitch:0 ReverseLimitSwitch:0 ForwardSoftLimit:0 ReverseSoftLimit:0 HardwareFailure:0 ResetDuringEn:0 SensorOverflow:0 SensorOutOfPhase:0 HardwareESDReset:0 RemoteLossOfSignal:0 APIError:0 SupplyOverV:0 SupplyUnstable:0",0.1603128054740958,12,"0",0,,,0,0,0,0,,,,,,,,0,,25
15.612768,,,,,,,,,,,,,,,,,,,,15.612748,,,,,,,,,,,,,,,,,,,,,,,,,,-0.9954722561597261,,,,,,,,,,,,,,,,,,,,,,-0.8999999761581421,,,,,,,,,,0;-1;0
15.632721,,,,,,,,,,,,,,,,,,,,15.632703,,,,,,,,,,,,,,,,,,,,,,,,,,-0.997170560609717,,,,,,,,,,,,,,,,,,,,,,-0.7499999403953552,,,,,,,,,,0;-0.9;0
15.652645,,,,,,,,,,,,,,,,,,,,15.652628,,,,,,,,,,,,,,,,,,,,,,,,,,-0.9984702794634541,,,,,,,,,,,,,,,,,,,,,,-0.5999999046325684,,,,,,,,,,0;-0.74999994;0
15.69257,,,15,,,,0,18096,,,,,,,,,,,,15.692553,,,,,,,,,,,,,,,,,,-0.9980449657869013,-11.976539589442815,,,,,,,-0.9998815105971881,,,,,,,,,0.015640273704789834,,,,,,,,,,,,,-0.4499998688697815,,,,,,,,,,0;-0.5999999;0
15.713489,,,,,,,,,,,,,,,,,,,,15.713471,,,,,,,,,,,,,,,,,,,,,,,,,,-0.9999847387067001,,,,,,,,,,,,,,,,,,,,,,-0.29999983310699463,,,,,,,,,,0;-0.44999987;0
15.733441,,,,,,,,,,,,,,,,,,,,15.733423,,,,,,,,,,,,,,,,,,,,,,,,,,-0.9996754856151167,,,,,,,,,,,,,,,,,,,,,,-0.14999984204769135,,,,,,,,,,0;-0.29999983;0
15.753398,,,,,,,,,,,,,,,,,,,,15.75338,,,,,,,,,,,,,,,,,,,,,,,,,,-0.9989680655262732,,,,,,,,,,,,,,,,,,,,,,0,,,,,,,,,,0;-0.14999984;0
15.793279,,15,,,,,,,,,,,,,,,,0,"Neutral",15.793261,,,,,,,,,,,,,,,,,,,,,,,"PercentOutput",0,"Neutral",-0.9963629051315762,,,,,,,,,-0.005865102639296188,,,,,,,,,,"PercentOutput"
15.833191,,,,,,,,,,,,,,,,,,,,15.833167,,,,,,,,,,,,,,,,,,,,,,,,,,-0.9921693739683962,,,,,,,,,,,,,,,,,,,,,,,,,,,,,,,,0;0;0
15.85315,,,,,,,,,,,,,,,,,"PercentOutput",,,0.20000000298023224,,,,,,,,,,,,,,,,,,,,,,,,,,-0.9894790519300269,,,,,,,,,,,,,,,,,,,,,,,,,,,,,,,,0.05;0;0
15.873116,,,,,,,,,,,,,,,,,,,,0.3500000238418579,,,,,,,,,,,,,,,,,,,,,,,,,,-0.9863934216484098,,,,,,,,,,,,,,,,,,,,,,,,,,,,,,,,0.2;0;0
15.913023,,,,,,,,,,,,0.3235581622678397,3.8826979472140764,,,,,,,0.5000000596046448,,,,,,,,,,,,,,,,,,-0.9853372434017595,-11.824046920821115,,,,,,,-0.979049230538247,,,,,,,,,-0.1300097751710655,,,,,,,,,,,,,,,,,,,,,,,0.35000002;0;0
15.932039,,,,,,,,,,,,,,,,,,,,0.6500000953674316,,,,,,,,,,,,,,,,,,,,,,,,,,-0.9750001229348643,,,,,,,,,,,,,,,,,,,,,,,,,,,,,,,,0.50000006;0;0
15.95298,,,,,,,,,,,,,,,,,,,,0.8000001311302185,,,,,,,,,,,,,,,,,,,,,,,,,,-0.9701335089441023,,,,,,,,,,,,,,,,,,,,,,,,,,,,,,,,0.6500001;0;0
15.992848,,,,,,,,,,,,,,,,,,,,0.9500001668930054,,,,,,,,,,,,,,,,,,,,,,,,,,-0.95969433577106,,,,,,,,,,,,,,,,,,,,,,,,,,,,,,,,0.80000013;0;0
16.012869,,,,,,,,,,,,0.9472140762463344,11.366568914956012,,,,,,,1,,,,,,,,,,,,,,,,,,-0.956989247311828,-11.483870967741936,,,,,,,-0.9538986693035546,,,,,,,,,-0.2512218963831867,,,,,,,,,,,,,,,,,,,,,,,0.95000017;0;0
16.052699,,,,,,,,,,,,,,,,,,,,,,,,,,,,,,,,,,,,,,,,,,,,,,-0.9411651322340139
16.092596,,,,,,,,,,,,,,,,,,,,,,,,,,,,,,,,,,,,,,,,,,,,,,-0.9269370514336072
16.132768,12,,,," UnderVoltage:0 ForwardLimitSwitch:0 ReverseLimitSwitch:0 ForwardSoftLimit:0 ReverseSoftLimit:0 HardwareFailure:0 ResetDuringEn:0 SensorOverflow:0 SensorOutOfPhase:0 HardwareESDReset:0 RemoteLossOfSignal:0 APIError:0 SupplyOverV:0 SupplyUnstable:0",0,,,0,0,0,1,12,0,0,0,,,,,,,,0,0,0,,,,,,,,,,,,,,,,,,,,-0.91112087718235
16.1527,,,,,,,,,,,,,,,,,,,,,,,,,,,12,,,," UnderVoltage:0 ForwardLimitSwitch:0 ReverseLimitSwitch:0 ForwardSoftLimit:0 ReverseSoftLimit:0 HardwareFailure:0 ResetDuringEn:0 SensorOverflow:0 SensorOutOfPhase:0 HardwareESDReset:0 RemoteLossOfSignal:0 APIError:0 SupplyOverV:0 SupplyUnstable:0",0,0,,0,0,0,-0.9149560117302052,-10.979472140762462,0,0,0,,,,-0.9027248203167759,,,,0,0,0,12," UnderVoltage:0 ForwardLimitSwitch:0 ReverseLimitSwitch:0 ForwardSoftLimit:0 ReverseSoftLimit:0 HardwareFailure:0 ResetDuringEn:0 SensorOverflow:0 SensorOutOfPhase:0 HardwareESDReset:0 RemoteLossOfSignal:0 APIError:0 SupplyOverV:0 SupplyUnstable:0",-0.3675464320625611,12,"0",0,,,0,0,0,0,,,,,,,,0,,25
16.192599,,,,,,,,,,,,,,,,,,,,,,,,,,,,,,,,,,,,,,,,,,,,,,-0.8848451810590245
16.233536,,,,,,,0,,,,,,,,,,,,,,,,,,,,,,,,,,,,,,,-0.8699902248289345,-10.439882697947214,,,,,,,-0.8650568066126351,,,,,,,,,-0.46236559139784944
16.273379,,,,,,,,,,,,,,,,,,0,"Neutral",,,,,,,,,,,,,,,,,,,,,,,,"PercentOutput",0,"Neutral",-0.8443670094600665,,,,,,,,,,,,,,,,,,,"PercentOutput",,,0
16.313297,,,,,,,,,,,,,,,,,,,,,,,,,,,,,,,,,,,,,,,,,,,,,,-0.8223128067338301
16.353202,,,,,,,,,,,,,,,,,"PercentOutput",,,,,,,,,,,,,,,,,,,,,-0.8025415444770283,-9.630498533724339,,,,,,,-0.7989784696896833,,,,,,,,,-0.5669599217986315
16.392821,,,,,,,,,,,,,,,,,,,,,,,,,,,,,,,,,,,,,,,,,,,,,,-0.7745096809086062
16.41277,,,,,,,,,,,,,,,,,,,,0.8499999642372131,,,,,,,,,,,,,,,,,,,,,,,,,,-0.7617374295925703,,,,,,,,,,,,,,,,,,,,,,,,,,,,,,,,1;0;0
16.432736,,,,,,,,,,,,,,,,,,,,0.6999999284744263,,,,,,,,,,,,,,,,,,,,,,,,,,-0.748650775031482,,,,,,,,,,,,,,,,,,,,,,,,,,,,,,,,0.84999996;0;0
16.452675,,,,,,,,,,,,,,,,,,,,0.5499998927116394,,,,,,,,,,,,,,,,,,,,,,,,,,-0.7352839871390872,,,,,,,,,,,,,,,,,,,,,,,,,,,,,,,,0.6999999;0;0
16.492595,,,,,,,,,,,,0.6871945259042033,8.24633431085044,,,,,,,0.39999985694885254,,,,,,,,,,,,,,,,,,-0.7370478983382209,-8.84457478005865,,,,,,,-0.7076492288168585,,,,,,,,,-0.6490713587487781,,,,,,,,,,,,,,,,,,,,,,,0.5499999;0;0
16.513498,,,,,,,,,,,,,,,,,,,,0.24999983608722687,,,,,,,,,,,,,,,,,,,,,,,,,,-0.6927264058993114,,,,,,,,,,,,,,,,,,,,,,,,,,,,,,,,0.39999986;0;0
16.533457,,,,,,,,,,,,,,,,,"Position",,,16.533437,,,,,,,,,,,,,,,,,,,,,,,,,,-0.6781956829131752,,,,,,,,,,,,,,,,,,,,,,,,,,,,,,,,0.24999984;0;0
16.553399,,,,,,,,,,,,,,,,,,,,16.553382,,,,,,,,,,,,,,,,,,,,,,,,,,-0.6634060527614872,,,,,,,,,,,,,,,,,,,,,,0.15000000596046448,,,,,,,,,,0.099999845;0;0
16.573391,,15,16,0,,,,21561,,,,0,0,,,,,,,16.573335,,,,,,,,,,,,,,,,,,-0.6490713587487781,-7.788856304985337,,,,,,,-0.6483457272557288,,,,,,,,,-0.7370478983382209,,,,,,,,,,,,,0.30000001192092896,,,,,,,,,,0;0.15;0
16.613258,,,,,,,,,,,,,,,,,,,,16.613239,,,,,,,,,,,,,,,,,,,,,,,,,,-0.6174545550164758,,,,,,,,,,,,,,,,,,,,,,0.4500000476837158,,,,,,,,,,0;0.3;0
16.633178,,,,,,,,,,,,,,,,,,,,16.633161,,,,,,,,,,,,,,,,,,,,,,,,,,-0.6016646865324516,,,,,,,,,,,,,,,,,,,,,,0.6000000834465027,,,,,,,,,,0;0.45000005;0
16.65312,,,,,,,,,,,,,,,,,,,,16.653104,,,,,,,,,,,,,,,,,,,,,,,,,,-0.5856166515660232,,,,,,,,,,,,,,,,,,,,,,0.7500001192092896,,,,,,,,,,0;0.6000001;0
16.673086,,,,,,,,,,,,,,,,,,,,16.673069,,,,,,,,,,,,,,,,,,,,,,,,,,-0.5693168023931263,,,,,,,,,,,,,,,,,,,,,,0.9000001549720764,,,,,,,,,,0;0.7500001;0
16.712971,12,16,,," UnderVoltage:0 ForwardLimitSwitch:0 ReverseLimitSwitch:0 ForwardSoftLimit:0 ReverseSoftLimit:0 HardwareFailure:0 ResetDuringEn:0 SensorOverflow:0 SensorOutOfPhase:0 HardwareESDReset:0 RemoteLossOfSignal:0 APIError:0 SupplyOverV:0 SupplyUnstable:0",0,,944,0,0,0,,,0,0,0,,,,16.712955,,,,0,0,0,12,,,," UnderVoltage:0 ForwardLimitSwitch:0 ReverseLimitSwitch:0 ForwardSoftLimit:0 ReverseSoftLimit:0 HardwareFailure:0 ResetDuringEn:0 SensorOverflow:0 SensorOutOfPhase:0 HardwareESDReset:0 RemoteLossOfSignal:0 APIError:0 SupplyOverV:0 SupplyUnstable:0",0,0,,0,0,0,-0.5513196480938416,-6.615835777126099,0,0,0,,,,-0.5360825317563835,,,,0,0,0,12," UnderVoltage:0 ForwardLimitSwitch:0 ReverseLimitSwitch:0 ForwardSoftLimit:0 ReverseSoftLimit:0 HardwareFailure:0 ResetDuringEn:0 SensorOverflow:0 SensorOutOfPhase:0 HardwareESDReset:0 RemoteLossOfSignal:0 APIError:0 SupplyOverV:0 SupplyUnstable:0",-0.8142717497556208,12,"0",0,,,0,0,0,0,,,,1,,,,0,,25,,,,0;0.90000015;0
16.752854,,,,,,,,,,,,,,,,,,,,16.752838,,,,,,,,,,,,,,,,,,,,,,,,,,-0.5019972967265592
16.79277,,,,,,,,,,,,,,,,,,0,"Neutral",16.79275,,,,,,,,,,,,,,,,,,,,,,,"PercentOutput",0,"Neutral",-0.4670844849199903,,,,,,,,,,,,,,,,,,,"PercentOutput"
16.832637,,,,,,,0,,,,,,,,,,,,,16.832621,,,,,,,,,,,,,,,,,,-0.44379276637341153,-5.325513196480938,,,,,,,-0.43147177696790234,,,,,,,,,-0.8787878787878788
16.852592,,,,,,,,,,,,,,,,,,,,16.852577,,,,,,,,,,,,,,,,,,,,,,,,,,-0.4133851350404796
16.893245,,,,,,,,,,,,,,,,,,,,16.893227,,,,,,,,,,,,,,,,,,,,,,,,,,-0.3760369392079041
16.933096,,,,,,,,4800,,,,,,,,,,,,16.933078,,,,,,,,,,,,,,,,,,-0.34995112414467255,-4.19941348973607,,,,,,,-0.3388229771630467,,,,,,,,,-0.9227761485826002
16.972991,,,,,,,,,,,,,,,,,,,,16.972974,,,,,,,,,,,,,,,,,,,,,,,,,,-0.30102716180971884
17.012947,,,,,,,,,,,,,,,,,,,,17.012931,,,,,,,,,,,,,,,,,,,,,,,,,,-0.26269437556532343
17.032889,,,17,,,,,,,,,,,,,,,,,17.032832,,,,,,,,,,,,,,,,,,-0.2316715542521994,-2.7800586510263927,,,,,,,-0.2434405959696051,,,,,,,,,-0.9628543499511242,,,,,,,,,,,,,0.949999988079071,,,,,,,,,,0;1;0
17.052779,,,,,,,,,,,,,,,,,"Position",,,17.052761,,,,,,,,,,,,,,,,,,,,,,,,,,-0.22406310726530196,,,,,,,,,,,,,,,,,,,,,,0.7999999523162842,,,,,,,,,,0;0.95;0
17.092697,,,,,,,,,,,,,,,,,,,,17.092691,,,,,,,,,,,,,,,,,,,,,,,,,,-0.20453495481526235,,,,,,,,,,,,,,,,,,,,,,0.6499999165534973,,,,,,,,,,0;0.79999995;0
17.112626,,,,,,,,,,,,,,,,,,,,17.112608,,,,,,,,,,,,,,,,,,,,,,,,,,-0.16537141011015208,,,,,,,,,,,,,,,,,,,,,,0.49999988079071045,,,,,,,,,,0;0.6499999;0
17.133615,,17,,0,,,,8701,,,,0,0,,,,,,,17.133555,,,,,,,,,,,,,,,,,,-0.13098729227761485,-1.5718475073313782,,,,,,,-0.14467805327392616,,,,,,,,,-0.9843597262952102,,,,,,,,,,,,,0.3499998450279236,,,,,,,,,,0;0.49999988;0
17.153506,,,,,,,,,,,,,,,,,,,,17.153491,,,,,,,,,,,,,,,,,,,,,,,,,,-0.12492733765283559,,,,,,,,,,,,,,,,,,,,,,0.1999998390674591,,,,,,,,,,0;0.34999985;0
17.17345,,,,,,,,,,,,,,,,,,,,17.173432,,,,,,,,,,,,,,,,,,,,,,,,,,-0.1051160479313887,,,,,,,,,,,,,,,,,,,,,,0.049999844282865524,,,,,,,,,,0;0.19999984;0
17.213376,,,,,,,,,,,,,,,,,,,,17.213356,,,,,,,,,,,,,,,,,,,,,,,,,,-0.06533801659500889,,,,,,,,,,,,,,,,,,,,,,0,,,,,,,,,,0;0.049999844;0
17.2533,12,,,," UnderVoltage:0 ForwardLimitSwitch:0 ReverseLimitSwitch:0 ForwardSoftLimit:0 ReverseSoftLimit:0 HardwareFailure:0 ResetDuringEn:0 SensorOverflow:0 SensorOutOfPhase:0 HardwareESDReset:0 RemoteLossOfSignal:0 APIError:0 SupplyOverV:0 SupplyUnstable:0",0,,,0,0,0,,,0,0,0,,,,17.253243,,,,0,0,0,12,,,," UnderVoltage:0 ForwardLimitSwitch:0 ReverseLimitSwitch:0 ForwardSoftLimit:0 ReverseSoftLimit:0 HardwareFailure:0 ResetDuringEn:0 SensorOverflow:0 SensorOutOfPhase:0 HardwareESDReset:0 RemoteLossOfSignal:0 APIError:0 SupplyOverV:0 SupplyUnstable:0",0,0,,0,0,0,-0.005865102639296188,-0.07038123167155425,0,0,0,,,,-0.025496831402960485,,,,0,0,0
17.273197,,,,,,,,,,,,,,,,,,,,17.273182,,,,,,,,,,,,,,,,,,,,,,,,,,-0.005563566041706736,,,,,,,12," UnderVoltage:0 ForwardLimitSwitch:0 ReverseLimitSwitch:0 ForwardSoftLimit:0 ReverseSoftLimit:0 HardwareFailure:0 ResetDuringEn:0 SensorOverflow:0 SensorOutOfPhase:0 HardwareESDReset:0 RemoteLossOfSignal:0 APIError:0 SupplyOverV:0 SupplyUnstable:0",-0.9980449657869013,12,"0",0,,,0,0,0,0,,,,,,,,0,,25
17.313094,,,,,,,,,,,,,,,,,,0,"Neutral",17.313074,,,,,,,,,,,,,,,,,,,,,,,"PercentOutput",0,"Neutral",0.03432566097221815,,,,,,,,,,,,,,,,,,,"PercentOutput",,,,,,,,,,,,,0;0;0
17.333025,,,,,,,,,,,,,,,,,,,,17.333007,,,,,,,,,,,,,,,,,,,,,,,,,,0.05423677925524378,,,,,,,,,,,,,,,,,,,,,,,,,,,,,,,,-0.15;0;0
17.35299,,,,,,,,,,,,,,,,,,,,17.352974,,,,,,,,,,,,,,,,,,,,,,,,,,0.07416125663967993,,,,,,,,,,,,,,,,,,,,,,,,,,,,,,,,-0.3;0;0
17.392868,,,,,,,0,12798,,,,,,,,,,,,17.392851,,,,,,,,,,,,,,,,,,0.03519061583577712,0.42228739002932547,,,,,,,0.11385994383754953,,,,,,,,,-0.9970674486803519,,,,,,,,,,,,,,,,,,,,,,,-0.45000005;0;0
17.412671,,,,,,,,,,,,,,,,,,,,17.412653,,,,,,,,,,,,,,,,,,,,,,,,,,0.13351055044489063,,,,,,,,,,,,,,,,,,,,,,,,,,,,,,,,-0.6000001;0;0
17.432612,,,,,,,,,,,,,,,,,,,,17.432596,,,,,,,,,,,,,,,,,,,,,,,,,,0.15324517285504827,,,,,,,,,,,,,,,,,,,,,,,,,,,,,,,,-0.7500001;0;0
17.453531,,,,,,,,,,,,,,,,,,,,17.453513,,,,,,,,,,,,,,,,,,,,,,,,,,0.17388204496916204,,,,,,,,,,,,,,,,,,,,,,,,,,,,,,,,-0.90000015;0;0
17.493425,,,,,,,,,,,,,,,,,,,,17.493407,,,,,,,,,,,,,,,,,,0.13880742913000976,1.6656891495601172,,,,,,,0.2130195481501613,,,,,,,,,-0.9833822091886608
17.533357,,,,,,,,,,,,,,,,,,,,17.53334,,,,,,,,,,,,,,,,,,,,,,,,,,0.2518548442810477
17.573242,,,,,,,,,,,,,,,,,"Position",,,17.573224,,,,,,,,,,,,,,,,,,,,,,,,,,0.29024361848809827
17.613109,,,17,,,,,16912,,,,,,,,,,,,17.613091,,,,,,,,,,,,,,,,,,0.260019550342131,3.1202346041055717,,,,,,,0.32815372732994297,,,,,,,,,-0.9540566959921799
17.653029,,,,,,,,,,,,,,,,,,,,17.653012,,,,,,,,,,,,,,,,,,,,,,,,,,0.36559167664128045
17.69291,,,,,,,,,,,,,,,,,,,,17.692892,,,,,,,,,,,,,,,,,,,,,,,,,,0.40241139149100336
17.732787,,17,,0,,,,,,,,0,0,,,,,,,17.732768,,,,,,,,,,,,,,,,,,0.37732160312805474,4.527859237536656,,,,,,,0.4385875634481334,,,,,,,,,-0.9110459433040078,,,,,,,,,,,,,0
17.752765,,,,,,,,,,,,,,,,,,,,17.752748,,,,,,,,,,,,,,,,,,,,,,,,,,0.456452845506867,,,,,,,,,,,,,,,,,,,,,,,,,,,,,,,,-1;0;0
17.792658,,,,,,,,,,,,,,,,,,,,17.79264,,,,,,,,,,,,,,,,,,,,,,,,,,0.49157409882279224,,,,,,,,,,,,,,,,,,,,,,,,,,,,,,,,-0.9;0;0
17.812641,,,,,,,,,,,,,,,,,,0,"Neutral",17.812579,,,,,,,,,,,,,,,,,,,,,,,"PercentOutput",0,"Neutral",0.5088775678533672,,,,,,,,,,,,,,,,,,,"PercentOutput",,,,,,,,,,,,,-0.74999994;0;0
17.832586,12,,,," UnderVoltage:0 ForwardLimitSwitch:0 ReverseLimitSwitch:0 ForwardSoftLimit:0 ReverseSoftLimit:0 HardwareFailure:0 ResetDuringEn:0 SensorOverflow:0 SensorOutOfPhase:0 HardwareESDReset:0 RemoteLossOfSignal:0 APIError:0 SupplyOverV:0 SupplyUnstable:0",0,,21009,0,0,0,,,0,0,0,,,,17.832515,,,,0,0,0,12,,,," UnderVoltage:0 ForwardLimitSwitch:0 ReverseLimitSwitch:0 ForwardSoftLimit:0 ReverseSoftLimit:0 HardwareFailure:0 ResetDuringEn:0 SensorOverflow:0 SensorOutOfPhase:0 HardwareESDReset:0 RemoteLossOfSignal:0 APIError:0 SupplyOverV:0 SupplyUnstable:0",0,0,,0,0,0,0.48778103616813295,5.853372434017595,0,0,0,,,,0.5258995701032779,,,,0,0,0,12," UnderVoltage:0 ForwardLimitSwitch:0 ReverseLimitSwitch:0 ForwardSoftLimit:0 ReverseSoftLimit:0 HardwareFailure:0 ResetDuringEn:0 SensorOverflow:0 SensorOutOfPhase:0 HardwareESDReset:0 RemoteLossOfSignal:0 APIError:0 SupplyOverV:0 SupplyUnstable:0",-0.8543499511241447,12,"0",0,,,0,0,0,0,,,,,,,,0,,25,,,,-0.5999999;0;0
17.853487,,,,,,,,,,,,,,,,,,,,17.853469,,,,,,,,,,,,,,,,,,,,,,,,,,0.5436051717293473,,,,,,,,,,,,,,,,,,,,,,,,,,,,,,,,-0.44999987;0;0
17.893159,,,,,,,,,,,,,,,,,,,,17.893135,,,,,,,,,,,,,,,,,,,,,,,,,,0.576467051297128,,,,,,,,,,,,,,,,,,,,,,,,,,,,,,,,-0.29999983;0;0
17.913088,,,,,,,,,,,,,,,,,,,,17.913071,,,,,,,,,,,,,,,,,,,,,,,,,,0.5926358932332483,,,,,,,,,,,,,,,,,,,,,,,,,,,,,,,,-0.14999984;0;0
17.953002,,,,,,,0,,,,,,,,,,,,,17.952984,,,,,,,,,,,,,,,,,,0.5757575757575758,6.90909090909091,,,,,,,0.6243048967913098,,,,,,,,,-0.7966764418377321
17.992861,,,,,,,,,,,,,,,,,,,,17.992844,,,,,,,,,,,,,,,,,,,,,,,,,,0.6549378735918742
18.031815,,,,,,,,,,,,,,,,,,,,18.031797,,,,,,,,,,,,,,,,,,,,,,,,,,0.6838704512403344
18.052871,,18,18,,,,,25149,,,,,,,,,,,,18.052821,,,,,,,,,,,,,,,,,,0.6695992179863147,8.234604105571847,,,,,,,0.6990573716226047
18.193164,,,,,,,,,,,,,,,,,"Position",,,18.193144,,,,,,,,,,,,,,,,,,,,,,,,,,0.7921986479977449,,,,,,,,,-0.7028347996089932
18.233056,,,,,,,,,,,,,,,,,,,,18.233039,,,,,,,,,,,,,,,,,,,,,,,,,,0.8159065577535572,,,,,,,,,,,,,,,,,,,,,,0
18.27295,,,,,,,,,,,,,,,,,,,,18.272928,,,,,,,,,,,,,,,,,,,,,,,,,,0.838316774295432
18.312846,,,,0,,,,29487,,,,0,0,,,,,0,"Neutral",18.312825,,,,,,,,,,,,,,,,,,0.83088954056696,9.970674486803519,,,,"PercentOutput",0,"Neutral",0.8593950725731803,,,,,,,,,-0.5259042033235581,,,,,,,,,,"PercentOutput"
18.352727,,,,,,,,,,,,,,,,,,,,18.352707,,,,,,,,,,,,,,,,,,,,,,,,,,0.8790979663342448
18.392631,,,,,,,,,,,,,,,,,,,,18.392609,,,,,,,,,,,,,,,,,,,,,,,,,,0.8974129928635429
18.41251,12,,,," UnderVoltage:0 ForwardLimitSwitch:0 ReverseLimitSwitch:0 ForwardSoftLimit:0 ReverseSoftLimit:0 HardwareFailure:0 ResetDuringEn:0 SensorOverflow:0 SensorOutOfPhase:0 HardwareESDReset:0 RemoteLossOfSignal:0 APIError:0 SupplyOverV:0 SupplyUnstable:0",0,,,0,0,0,,,0,0,0,,,,18.412436,,,,0,0,0,12,,,," UnderVoltage:0 ForwardLimitSwitch:0 ReverseLimitSwitch:0 ForwardSoftLimit:0 ReverseSoftLimit:0 HardwareFailure:0 ResetDuringEn:0 SensorOverflow:0 SensorOutOfPhase:0 HardwareESDReset:0 RemoteLossOfSignal:0 APIError:0 SupplyOverV:0 SupplyUnstable:0",0,0,,0,0,0,0.8924731182795699,10.709677419354838,0,0,0,,,,0.9059826913586567,,,,0,0,0,12," UnderVoltage:0 ForwardLimitSwitch:0 ReverseLimitSwitch:0 ForwardSoftLimit:0 ReverseSoftLimit:0 HardwareFailure:0 ResetDuringEn:0 SensorOverflow:0 SensorOutOfPhase:0 HardwareESDReset:0 RemoteLossOfSignal:0 APIError:0 SupplyOverV:0 SupplyUnstable:0",-0.4173998044965787,12,"0",0,,,0,0,0,0,,,,,,,,0,,25
18.453335,,,,,,,,,,,,,,,,,,,,18.453316,,,,,,,,,,,,,,,,,,,,,,,,,,0.9225256700065108
18.493253,,,,,,,,,,,,,,,,,,,,18.493234,,,,,,,,,,,,,,,,,,,,,,,,,,0.9371924612853817
18.533151,,,,,,,0,,,,,,,,,,,,,18.533129,,,,,,,,,,,,,,,,,,0.9335288367546432,11.202346041055717,,,,,,,0.9503598617283717,,,,,,,,,-0.3206256109481916
18.572677,,,,,,,,,,,,,,,,,,,,18.572633,,,,,,,,,,,,,,,,,,,,,,,,,,0.9619130103380092
18.61264,,,,,,,,,,,,,,,,,,,,18.612623,,,,,,,,,,,,,,,,,,,,,,,,,,0.9720662130776118
18.632616,,18,18,,,,,33789,,,,,,,,,,,,18.632556,,,,,,,,,,,,,,,,,,0.9706744868035191,11.648093841642229,,,,,,,0.9765514225491526,,,,,,,,,-0.20332355816226783
18.673506,,,,,,,,,,,,,,,,,,,,18.673489,,,,,,,,,,,,,,,,,,,,,,,,,,0.9845430211630338
18.71341,,,,,,,,,,,,,,,,,"Position",,,18.713391,,,,,,,,,,,,,,,,,,,,,,,,,,0.9907463149816775
18.753282,,,,,,,,,,,,,,,,,,,,18.753265,,,,,,,,,,,,,,,,,,0.989247311827957,11.870967741935484,,,,,,,0.9953691482928616,,,,,,,,,-0.09872922776148582,,,,,,,,,,,,,0
18.793179,,,,,,,,,,,,,,,,,,,,18.793161,,,,,,,,,,,,,,,,,,,,,,,,,,0.998411185881546
18.833087,,,,,,,,,,,,,,,,,,0,"Neutral",18.833071,,,,,,,,,,,,,,,,,,,,,,,"PercentOutput",0,"Neutral",0.9998643739081039,,,,,,,,,,,,,,,,,,,"PercentOutput"
18.872975,,,,0,,,,38163,,,,0,0,,,,,,,18.872951,,,,,,,,,,,,,,,,,,0.9990224828934506,11.988269794721408,,,,,,,0.9997258093315949,,,,,,,,,0
18.89259,,,,,,,,,,,,,,,,,,,,18.892566,,,,,,,,,,,,,,,,,,,,,,,,,,0.9990742199591303
18.933477,,,,,,,,,,,,,,,,,,,,18.93346,,,,,,,,,,,,,,,,,,,,,,,,,,0.9964807763107465
18.973349,12,,,," UnderVoltage:0 ForwardLimitSwitch:0 ReverseLimitSwitch:0 ForwardSoftLimit:0 ReverseSoftLimit:0 HardwareFailure:0 ResetDuringEn:0 SensorOverflow:0 SensorOutOfPhase:0 HardwareESDReset:0 RemoteLossOfSignal:0 APIError:0 SupplyOverV:0 SupplyUnstable:0",0,,,0,0,0,,,0,0,0,,,,18.97333,,,,0,0,0,12,,,," UnderVoltage:0 ForwardLimitSwitch:0 ReverseLimitSwitch:0 ForwardSoftLimit:0 ReverseSoftLimit:0 HardwareFailure:0 ResetDuringEn:0 SensorOverflow:0 SensorOutOfPhase:0 HardwareESDReset:0 RemoteLossOfSignal:0 APIError:0 SupplyOverV:0 SupplyUnstable:0",0,0,,0,0,0,0.9960899315738025,11.95307917888563,0,0,0,,,,0.9923475406434602,,,,0,0,0,12," UnderVoltage:0 ForwardLimitSwitch:0 ReverseLimitSwitch:0 ForwardSoftLimit:0 ReverseSoftLimit:0 HardwareFailure:0 ResetDuringEn:0 SensorOverflow:0 SensorOutOfPhase:0 HardwareESDReset:0 RemoteLossOfSignal:0 APIError:0 SupplyOverV:0 SupplyUnstable:0",0.044965786901270774,12,"0",0,,,0,0,0,0,,,,,,,,0,,25
19.013265,,,,,,,,,,,,,,,,,,,,19.013246,,,,,,,,,,,,,,,,,,,,,,,,,,0.9866297332152982
19.053177,,,,,,,,,,,,,,,,,,,,19.053161,,,,,,,,,,,,,,,,,,,,,,,,,,0.9793409589831767
19.093055,,,19,,,,0,42501,,,,,,,,,,,,19.093038,,,,,,,,,,,,,,,,,,0.9775171065493646,11.730205278592376,,,,,,,0.9705005312019245,,,,,,,,,0.1681329423264907
19.132944,,,,,,,,,,,,,,,,,,,,19.132926,,,,,,,,,,,,,,,,,,,,,,,,,,0.9601138890825044
19.172825,,,,,,,,,,,,,,,,,,,,19.172807,,,,,,,,,,,,,,,,,,,,,,,,,,0.9482023226385263
19.212741,,18,,,,,,,,,,,,,,,"Position",,,19.212719,,,,,,,,,,,,,,,,,,0.9521016617790812,11.425219941348974,,,,,,,0.9347704125512099,,,,,,,,,0.26881720430107525
19.252632,,,,,,,,,,,,,,,,,,,,19.252615,,,,,,,,,,,,,,,,,,,,,,,,,,0.9198591491108326,,,,,,,,,,,,,,,,,,,,,,0
19.272577,,,,,,,,,,,,,,,,,,,,19.272557,,,,,,,,,,,,,,,,,,,,,,,,,,0.9118533095413053
19.312717,,19,,,,,,47066,,,,,,,,,,,,19.312696,,,,,,,,,,,,,,,,,,0.9071358748778103,10.885630498533724,,,,,,,0.8946451149803725,,,,,,,,,0.38514173998044965
19.332323,,,,,,,,,,,,,,,,,,0,"Neutral",19.332302,,,,,,,,,,,,,,,,,,,,,,,"PercentOutput",0,"Neutral",0.8857142136955994,,,,,,,,,,,,,,,,,,,"PercentOutput"
19.373212,,,,,,,,,,,,,,,,,,,,19.373192,,,,,,,,,,,,,,,,,,,,,,,,,,0.8659972509803264
19.413148,,,,0,,,,,,,,0,0,,,,,,,19.413089,,,,,,,,,,,,,,,,,,0.8494623655913979,10.193548387096774,,,,,,,0.8453640232976526,,,,,,,,,0.4975562072336266
19.453007,,,,,,,,,,,,,,,,,,,,19.452988,,,,,,,,,,,,,,,,,,,,,,,,,,0.8233832134276037
19.492892,,,,,,,,,,,,,,,,,,,,19.492874,,,,,,,,,,,,,,,,,,,,,,,,,,0.8000996071723401
