Timestamp,"/ExampleSubsystem/falcon/BUS_VOLTAGE","/ExampleSubsystem/falcon/FAULTS","/ExampleSubsystem/falcon/FORWARD_LIMIT_SWITCH","/ExampleSubsystem/falcon/HAS_RESET","/ExampleSubsystem/falcon/INTEGRATED_SENSOR_ABSOLUTE_POSITION","/ExampleSubsystem/falcon/OUTPUT_PERCENT","/ExampleSubsystem/falcon/REVERSE_LIMIT_SWITCH","/ExampleSubsystem/falcon/SELECTED_SENSOR_POSITION","/ExampleSubsystem/falcon/SELECTED_SENSOR_VELOCITY","/ExampleSubsystem/falcon/SET_FUNCTION_CONTROL_MODE","/ExampleSubsystem/falcon/SET_FUNCTION_DEMAND","/ExampleSubsystem/falcon/SET_FUNCTION_DEMAND_TYPE","/ExampleSubsystem/falcon/SET_FUNCTION_VALUE","/ExampleSubsystem/falcon/SET_NEUTRAL_MODE_IS_BRAKE","/ExampleSubsystem/falcon/SET_SELECTED_SENSOR_POSITION","/ExampleSubsystem/falcon/SET_VOLTAGE","/ExampleSubsystem/falcon/STATOR_CURRENT","/ExampleSubsystem/falcon/SUPPLY_CURRENT","/ExampleSubsystem/falcon/TEMPERATURE","DS:autonomous","DS:enabled","DS:estop","DS:joystick0/axes","DS:joystick0/buttons","DS:joystick0/povs","DS:joystick1/axes","DS:joystick1/buttons","DS:joystick1/povs","DS:joystick2/axes","DS:joystick2/buttons","DS:joystick2/povs","DS:joystick3/axes","DS:joystick3/buttons","DS:joystick3/povs","DS:joystick4/axes","DS:joystick4/buttons","DS:joystick4/povs","DS:joystick5/axes","DS:joystick5/buttons","DS:joystick5/povs","DS:test","NT:/FMSInfo/.type","NT:/FMSInfo/EventName","NT:/FMSInfo/FMSControlData","NT:/FMSInfo/GameSpecificMessage","NT:/FMSInfo/IsRedAlliance","NT:/FMSInfo/MatchNumber","NT:/FMSInfo/MatchType","NT:/FMSInfo/ReplayNumber","NT:/FMSInfo/StationNumber","NT:/LiveWindow/.status/LW Enabled","NT:/LiveWindow/ExampleSubsystem/.command","NT:/LiveWindow/ExampleSubsystem/.default","NT:/LiveWindow/ExampleSubsystem/.hasCommand","NT:/LiveWindow/ExampleSubsystem/.hasDefault","NT:/LiveWindow/ExampleSubsystem/.name","NT:/LiveWindow/ExampleSubsystem/.type","NT:/LiveWindow/Ungrouped/.type","NT:/LiveWindow/Ungrouped/Scheduler/.name","NT:/LiveWindow/Ungrouped/Scheduler/.type","NT:/LiveWindow/Ungrouped/Scheduler/Ids","NT:/LiveWindow/Ungrouped/Scheduler/Names","NT:/LiveWindow/Ungrouped/Talon FX [1]/.actuator","NT:/LiveWindow/Ungrouped/Talon FX [1]/.name","NT:/LiveWindow/Ungrouped/Talon FX [1]/.type","NT:/LiveWindow/Ungrouped/Talon FX [1]/Value","NTConnection","messages","systemTime"
0.335044,,,,,,,,,,,,,,,,,,,,,,,,,,,,,,,,,,,,,,,,,,"FMSInfo","",32,"",true,0,0,0,1,false
0.432865,,,,,,,,,,,,,,,,,,,,,,,,,,,,,,,,,,,,,,,,,,,,,,,,,,,,,,,,,,,,,,,,,,,,"LoggyMotor /ExampleSubsystem/falcon/ log levels set to [SET_FUNCTION_CONTROL_MODE; SET_FUNCTION_VALUE; SET_FUNCTION_DEMAND_TYPE; SET_FUNCTION_DEMAND; SET_VOLTAGE; SET_SELECTED_SENSOR_POSITION; SET_NEUTRAL_MODE_IS_BRAKE; OUTPUT_PERCENT; FAULTS; FORWARD_LIMIT_SWITCH; REVERSE_LIMIT_SWITCH; SELECTED_SENSOR_POSITION; SELECTED_SENSOR_VELOCITY; STATOR_CURRENT; SUPPLY_CURRENT; BUS_VOLTAGE; TEMPERATURE; INTEGRATED_SENSOR_ABSOLUTE_POSITION; HAS_RESET]"
0.46945,,,,,,,,,,,,,,,,,,,,false,false,false,,<invalid>,,,<invalid>,,,<invalid>,,,<invalid>,,,<invalid>,,,<invalid>,,false
6.695908,,,,,,,,,,,,,,,,,,,,,,,,,,,,,,,,,,,,,,,,,,,,,,,,,,,,,,,,,,,,,,,,,,,,,2022-03-27 20:43:59.264977
6.858803,,,,,,,,,,"PercentOutput",,,0.481853
9.742571,,,,,,,,,,,0,"Neutral",,,,,,,,,,,,,,,,,,,,,,,,,,,,,,,,,,,,,,,,"none","none",false,false,"ExampleSubsystem","LW Subsystem","LW Subsystem","Scheduler","Scheduler",,"",true,"Talon FX [1]","Motor Controller",0
10.672726,,,,,,,,,,,,,9.759447
11.325135,,,,,,0
12.954719,,,,,,,,,,,,,,,,,,,,,,,,,,,,,,,,,,,,,,,,,,,,,,,,,,,,,,,,,,,,,,,,,,,,,2022-03-27 20:44:05.523681
14.699535,12," UnderVoltage:0 ForwardLimitSwitch:0 ReverseLimitSwitch:0 ForwardSoftLimit:0 ReverseSoftLimit:0 HardwareFailure:0 ResetDuringEn:0 SensorOverflow:0 SensorOutOfPhase:0 HardwareESDReset:0 RemoteLossOfSignal:0 APIError:0 SupplyOverV:0 SupplyUnstable:0",,true,0,,,0,0,,,,,,,,0,0,0
19.204224,,,,,,,,,,,,,,,,,,,,,,,,,,,,,,,,,,,,,,,,,,,,,,,,,,,,,,,,,,,,,,,,,,,,,2022-03-27 20:44:11.773109
25.446126,,,,,,,,,,,,,,,,,,,,,,,,,,,,,,,,,,,,,,,,,,,,,,,,,,,,,,,,,,,,,,,,,,,,,2022-03-27 20:44:18.015063
31.695927,,,,,,,,,,,,,,,,,,,,,,,,,,,,,,,,,,,,,,,,,,,,,,,,,,,,,,,,,,,,,,,,,,,,,2022-03-27 20:44:24.265044
32.137968,,,,false,,,,,,,,,32.1429
32.159391,,,,,,,,,,,,,32.177054
32.181772,,,,,,,,,,,,,32.200901
32.212795,,,,,,,,,,,,,32.225494
32.238331,,,,,,,,,,,,,32.258295
32.258409,,,,,,,,,,,,,32.278243
32.278591,,,,,,,,,,,,,32.298555
32.29862,,,,,,,,,,,,,32.299437
32.331009,,,,,,,,,,,,,32.351003
32.351037,,,,,,,,,,,,,32.371024
32.371057,,,,,,,,,,,,,32.382118
32.402086,,,,,,,,,,,,,32.422058
32.441997,,,,,,,,,,,,,32.441986
32.462703,,,,,,,,,,,,,32.461925
32.483572,,,,,,,,,,,,,32.501746
32.522711,,,,,,,,,,,,,32.522697
32.542894,,,,,,,,,,,,,32.561656
32.582555,,,,,,,,,,,,,32.602474
32.622476,,,,,,,,,,,,,32.642376
32.662356,,,,,,,,,,,,,32.682256
32.702227,,,,,,,,,,,,,32.722159
32.742127,,,,,,,,,,,,,32.762072
32.782074,,,,,,,,,,,,,32.801953
32.821915,,,,,,,,,,,,,32.841846
32.862312,,,,,,,,,,,,,32.880994
32.901951,,,,,,,,,,,,,32.901939
32.921953,,,,,,,,,,,,,32.94184
32.961779,,,,,,,,,,,,,32.961766
32.982852,,,,,,,,,,,,,33.001761
33.021698,,,,,,,,,,,,,33.041644
33.0627,,,,,,,,,,,,,33.08252
33.102446,,,,,,,,,,,,,33.122381
33.142345,,,,,,,,,,,,,33.142334
33.162358,,,,,,,,,,,,,33.182276
33.2022,,,,,,,,,,,,,33.221854
33.241812,,,,,,,,,,,,,33.241801
33.262524,,,,,,,,,,,,,33.282449
33.302379,,,,,,,,,,,,,33.302368
33.322403,,,,,,,,,,,,,33.342251
33.362242,,,,,,,,,,,,,33.382146
33.402251,,,,,,,,,,,,,33.42204
33.441991,,,,,,,,,,,,,33.461927
33.481944,,,,,,,,,,,,,33.501817
33.521826,,,,,,,,,,,,,33.541733
33.562673,,,,,,,,,,,,,33.582611
33.602568,,,,,,,,,,,,,33.6225
33.642455,,,,,,,,,,,,,33.642443
33.662731,,,,,,,,,,,,,33.682361
33.702453,,,,,,,,,,,,,33.722241
33.742204,,,,,,,,,,,,,33.742192
33.762339,,,,,,,,,,,,,33.782069
33.802019,,,,,,,,,,,,,33.821961
33.841923,,,,,,,,,,,,,33.861871
33.881825,,,,,,,,,,,,,33.901763
33.922734,,,,,,,,,,,,,33.942658
33.962598,,,,,,,,,,,,,33.982552
34.002516,,,,,,,,,,,,,34.022447
34.042436,,,,,,,,,,,,,34.042423
34.062685,,,,,,,,,,,,,34.081284
34.102246,,,,,,,,,,,,,34.122172
34.142142,,,,,,,,,,,,,34.162092
34.182049,,,,,,,,,,,,,34.20198
34.221919,,,,,,,,,,,,,34.241866
34.261459,,,,,,,,,,,,,34.261448
34.282364,,,,,,,,,,,,,34.302311
34.322284,,,,,,,,,,,,,34.342255
34.362201,,,,,,,,,,,,,34.382126
34.402079,,,,,,,,,,,,,34.422038
34.441975,,,,,,,,,,,,,34.46189
34.481846,,,,,,,,,,,,,34.501789
34.522745,,,,,,,,,,,,,34.542715
34.5627,,,,,,,,,,,,,34.582635
34.602597,,,,,,,,,,,,,34.622528
34.642496,,,,,,,,,,,,,34.662448
34.682397,,,,,,,,,,,,,34.702321
34.721412,,,,,,,,,,,,,34.721401
34.742288,,,,,,,,,,,,,34.76221
34.782152,,,,,,,,,,,,,34.802102
34.822112,,,,,,,,,,,,,34.8221
34.842116,,,,,,,,,,,,,34.842102
34.862844,,,,,,,,,,,,,34.88193
34.901873,,,,,,,,,,,,,34.9218
34.941792,,,,,,,,,,,,,34.961711
34.981622,,,,,,,,,,,,,34.981609
35.002564,,,,,,,,,,,,,35.022514
35.042479,,,,,,,,,,,,,35.042463
35.062654,,,,,,,,,,,,,35.06264
35.082803,,,,,,,,,,,,,35.101317
35.122348,,,,,,,,,,,,,35.142172
35.162169,,,,,,,,,,,,,35.182071
35.202055,,,,,,,,,,,,,35.22203
35.241686,,,,,,,,,,,,,35.241674
35.261858,,,,,,,,,,,,,35.281778
35.301746,,,,,,,,,,,,,35.301735
35.322677,,,,,,,,,,,,,35.34263
35.362603,,,,,,,,,,,,,35.382522
35.402477,,,,,,,,,,,,,35.4224
35.442455,,,,,,,,,,,,,35.462014
35.482029,,,,,,,,,,,,,35.501893
35.521883,,,,,,,,,,,,,35.541798
35.562744,,,,,,,,,,,,,35.582692
35.602637,,,,,,,,,,,,,35.622568
35.642529,,,,,,,,,,,,,35.642518
35.662544,,,,,,,,,,,,,35.68242
35.702368,,,,,,,,,,,,,35.722308
35.742268,,,,,,,,,,,,,35.742256
35.762324,,,,,,,,,,,,,35.782141
35.802103,,,,,,,,,,,,,35.82204
35.841978,,,,,,,,,,,,,35.861952
35.881917,,,,,,,,,,,,,35.901809
35.921788,,,,,,,,,,,,,35.941704
35.962992,,,,,,,,,,,,,35.981627
36.002595,,,,,,,,,,,,,36.022517
36.041909,,,,,,,,,,,,,36.06126
36.082129,,,,,,,,,,,,,36.10206
36.121307,,,,,,,,,,,,,36.121295
36.142245,,,,,,,,,,,,,36.142232
36.162263,,,,,,,,,,,,,36.182135
36.2021,,,,,,,,,,,,,36.22201
36.242044,,,,,,,,,,,,,36.242027
36.262203,,,,,,,,,,,,,36.281633
36.302583,,,,,,,,,,,,,36.322514
36.342499,,,,,,,,,,,,,36.342488
36.362516,,,,,,,,,,,,,36.382384
36.402352,,,,,,,,,,,,,36.422284
36.442209,,,,,,,,,,,,,36.442198
36.462295,,,,,,,,,,,,,36.481909
36.501836,,,,,,,,,,,,,36.521796
36.542764,,,,,,,,,,,,,36.562695
36.582632,,,,,,,,,,,,,36.602557
36.62255,,,,,,,,,,,,,36.642455
36.662733,,,,,,,,,,,,,36.682347
36.702295,,,,,,,,,,,,,36.722225
36.742199,,,,,,,,,,,,,36.762153
36.782081,,,,,,,,,,,,,36.78207
36.802172,,,,,,,,,,,,,36.82197
36.842271,,,,,,,,,,,,,36.842258
36.862314,,,,,,,,,,,,,36.882238
36.902194,,,,,,,,,,,,,36.922135
36.942092,,,,,,,,,,,,,36.962019
36.981986,,,,,,,,,,,,,37.001949
37.021874,,,,,,,,,,,,,37.041819
37.061764,,,,,,,,,,,,,37.061752
37.082737,,,,,,,,,,,,,37.102646
37.122639,,,,,,,,,,,,,37.122628
37.142677,,,,,,,,,,,,,37.142663
37.16303,,,,,,,,,,,,,37.181605
37.202408,,,,,,,,,,,,,37.222333
37.24143,,,,,,,,,,,,,37.241417
37.262497,,,,,,,,,,,,,37.281375
37.302348,,,,,,,,,,,,,37.322273
37.342212,,,,,,,,,,,,,37.362169
37.382125,,,,,,,,,,,,,37.402037
37.422007,,,,,,,,,,,,,37.441933
37.461907,,,,,,,,,,,,,37.48185
37.501789,,,,,,,,,,,,,37.501778
37.522739,,,,,,,,,,,,,37.54268
37.562869,,,,,,,,,,,,,37.581559
37.602508,,,,,,,,,,,,,37.602497
37.622747,,,,,,,,,,,,,37.642445
37.662417,,,,,,,,,,,,,37.682315
37.702266,,,,,,,,,,,,,37.722206
37.742144,,,,,,,,,,,,,37.742132
37.7633,,,,,,,,,,,,,37.782036
37.801996,,,,,,,,,,,,,37.821929
37.841876,,,,,,,,,,,,,37.861832
37.881831,,,,,,,,,,,,,37.901708
37.922688,,,,,,,,,,,,,37.942606
37.946471,,,,,,,,,,,,,37.963289,,,,,,,,,,,,,,,,,,,,,,,,,,,,,,,,,,,,,,,,,,,,,,,,,,,,,,,,2022-03-27 20:44:30.514852
37.981511,,,,,,,,,,,,,37.981499
38.00246,,,,,,,,,,,,,38.022398
38.042349,,,,,,,,,,,,,38.062331
38.082249,,,,,,,,,,,,,38.102187
38.122182,,,,,,,,,,,,,38.142077
38.162042,,,,,,,,,,,,,38.181972
38.201932,,,,,,,,,,,,,38.221892
38.24183,,,,,,,,,,,,,38.241819
38.261847,,,,,,,,,,,,,38.281077
38.301933,,,,,,,,,,,,,38.321892
38.341922,,,,,,,,,,,,,38.34191
38.362559,,,,,,,,,,,,,38.381748
38.401685,,,,,,,,,,,,,38.401674
38.422772,,,,,,,,,,,,,38.441573
38.463606,,,,,,,,,,,,,38.482458
38.502411,,,,,,,,,,,,,38.522356
38.542303,,,,,,,,,,,,,38.542291
38.562361,,,,,,,,,,,,,38.581267
38.602219,,,,,,,,,,,,,38.622167
38.642113,,,,,,,,,,,,,38.662068
38.682015,,,,,,,,,,,,,38.701985
38.721917,,,,,,,,,,,,,38.741889
38.761824,,,,,,,,,,,,,38.781773
38.802728,,,,,,,,,,,,,38.822638
38.842594,,,,,,,,,,,,,38.842581
38.862646,,,,,,,,,,,,,38.882516
38.902433,,,,,,,,,,,,,38.922364
38.942338,,,,,,,,,,,,,38.962295
38.981621,,,,,,,,,,,,,38.981608
39.002094,,,,,,,,,,,,,39.022034
39.042011,,,,,,,,,,,,,39.061952
39.081893,,,,,,,,,,,,,39.10183
39.121796,,,,,,,,,,,,,39.121787
39.14273,,,,,,,,,,,,,39.162658
39.182625,,,,,,,,,,,,,39.202588
39.221773,,,,,,,,,,,,,39.221764
39.24266,,,,,,,,,,,,,39.262626
39.281468,,,,,,,,,,,,,39.281457
39.302168,,,,,,,,,,,,,39.322128
39.342064,,,,,,,,,,,,,39.361997
39.381938,,,,,,,,,,,,,39.401886
39.421835,,,,,,,,,,,,,39.441781
39.46274,,,,,,,,,,,,,39.482666
39.502622,,,,,,,,,,,,,39.522567
39.542527,,,,,,,,,,,,,39.542515
39.562633,,,,,,,,,,,,,39.582403
39.602359,,,,,,,,,,,,,39.622313
39.642249,,,,,,,,,,,,,39.642236
39.662704,,,,,,,,,,,,,39.681138
39.702157,,,,,,,,,,,,,39.722036
39.742007,,,,,,,,,,,,,39.761955
39.781876,,,,,,,,,,,,,39.801808
39.821768,,,,,,,,,,,,,39.821757
39.842721,,,,,,,,,,,,,39.862684
39.882023,,,,,,,,,,,,,39.901717
39.922648,,,,,,,,,,,,,39.9426
39.962571,,,,,,,,,,,,,39.982507
40.002454,,,,,,,,,,,,,40.022397
40.042345,,,,,,,,,,,,,40.062304
40.082237,,,,,,,,,,,,,40.102162
40.122117,,,,,,,,,,,,,40.142065
40.162028,,,,,,,,,,,,,40.181962
40.201929,,,,,,,,,,,,,40.221882
40.241809,,,,,,,,,,,,,40.241798
40.262825,,,,,,,,,,,,,40.281741
40.30265,,,,,,,,,,,,,40.322576
40.342556,,,,,,,,,,,,,40.362491
40.382445,,,,,,,,,,,,,40.402417
40.422342,,,,,,,,,,,,,40.442302
40.462038,,,,,,,,,,,,,40.481757
40.502702,,,,,,,,,,,,,40.522623
40.542608,,,,,,,,,,,,,40.56254
40.582468,,,,,,,,,,,,,40.602429
40.622365,,,,,,,,,,,,,40.642308
40.662268,,,,,,,,,,,,,40.682228
40.702163,,,,,,,,,,,,,40.722104
40.742057,,,,,,,,,,,,,40.762017
40.781937,,,,,,,,,,,,,40.801865
40.821826,,,,,,,,,,,,,40.841753
40.86277,,,,,,,,,,,,,40.88266
40.902623,,,,,,,,,,,,,40.922548
40.942499,,,,,,,,,,,,,40.962451
40.982396,,,,,,,,,,,,,41.002324
41.022286,,,,,,,,,,,,,41.042236
41.06219,,,,,,,,,,,,,41.082113
41.102076,,,,,,,,,,,,,41.12202
41.141338,,,,,,,,,,,,,41.141325
41.162296,,,,,,,,,,,,,41.182216
41.202183,,,,,,,,,,,,,41.222159
41.242083,,,,,,,,,,,,,41.261271
41.282233,,,,,,,,,,,,,41.302168
41.321893,,,,,,,,,,,,,41.341836
41.3618,,,,,,,,,,,,,41.381725
41.402686,,,,,,,,,,,,,41.422499
41.442472,,,,,,,,,,,,,41.462431
41.482353,,,,,,,,,,,,,41.502294
41.522252,,,,,,,,,,,,,41.542178
41.562176,,,,,,,,,,,,,41.58208
41.602026,,,,,,,,,,,,,41.621962
41.641922,,,,,,,,,,,,,41.661866
41.681817,,,,,,,,,,,,,41.701154
41.721848,,,,,,,,,,,,,41.741172
41.762144,,,,,,,,,,,,,41.782069
41.802027,,,,,,,,,,,,,41.821957
41.841924,,,,,,,,,,,,,41.861855
41.881821,,,,,,,,,,,,,41.90176
41.922718,,,,,,,,,,,,,41.94264
41.962613,,,,,,,,,,,,,41.982536
42.002494,,,,,,,,,,,,,42.022438
42.042384,,,,,,,,,,,,,42.062338
42.082296,,,,,,,,,,,,,42.10221
42.122178,,,,,,,,,,,,,42.142101
42.162072,,,,,,,,,,,,,42.182005
42.201949,,,,,,,,,,,,,42.201937
42.221968,,,,,,,,,,,,,42.241856
42.261796,,,,,,,,,,,,,42.261783
42.282767,,,,,,,,,,,,,42.302677
42.322413,,,,,,,,,,,,,42.341446
42.362389,,,,,,,,,,,,,42.382319
42.402286,,,,,,,,,,,,,42.422231
42.442186,,,,,,,,,,,,,42.462112
42.481916,,,,,,,,,,,,,42.501859
42.52181,,,,,,,,,,,,,42.541738
42.562682,,,,,,,,,,,,,42.58264
42.602631,,,,,,,,,,,,,42.622528
42.642473,,,,,,,,,,,,,42.662452
42.68242,,,,,,,,,,,,,42.702319
42.722282,,,,,,,,,,,,,42.742216
42.762177,,,,,,,,,,,,,42.782126
42.802053,,,,,,,,,,,,,42.821994
42.841963,,,,,,,,,,,,,42.86097
42.881917,,,,,,,,,,,,,42.901843
42.921791,,,,,,,,,,,,,42.921779
42.94273,,,,,,,,,,,,,42.961951
42.981694,,,,,,,,,,,,,42.981684
43.002632,,,,,,,,,,,,,43.022585
43.042555,,,,,,,,,,,,,43.062483
43.082439,,,,,,,,,,,,,43.102378
43.122333,,,,,,,,,,,,,43.142279
43.162227,,,,,,,,,,,,,43.182172
43.202118,,,,,,,,,,,,,43.222057
43.242008,,,,,,,,,,,,,43.261957
43.281741,,,,,,,,,,,,,43.28173
43.302682,,,,,,,,,,,,,43.322235
43.342225,,,,,,,,,,,,,43.362149
43.381185,,,,,,,,,,,,,43.381176
43.402114,,,,,,,,,,,,,43.42205
43.442009,,,,,,,,,,,,,43.461983
43.481898,,,,,,,,,,,,,43.501847
43.521804,,,,,,,,,,,,,43.521791
43.542722,,,,,,,,,,,,,43.562656
43.582642,,,,,,,,,,,,,43.602572
43.622509,,,,,,,,,,,,,43.642442
43.662418,,,,,,,,,,,,,43.682335
43.702283,,,,,,,,,,,,,43.722253
43.742184,,,,,,,,,,,,,43.762123
43.782081,,,,,,,,,,,,,43.802038
43.821994,,,,,,,,,,,,,43.841904
43.861893,,,,,,,,,,,,,43.881828
43.901829,,,,,,,,,,,,,43.921741
43.942716,,,,,,,,,,,,,43.962654
43.982597,,,,,,,,,,,,,44.002532
44.022476,,,,,,,,,,,,,44.042411
44.062403,,,,,,,,,,,,,44.082302
44.102259,,,,,,,,,,,,,44.122199
44.142152,,,,,,,,,,,,,44.1621
44.182058,,,,,,,,,,,,,44.201981
44.20428,,,,,,,,,,,,,44.221939,,,,,,,,,,,,,,,,,,,,,,,,,,,,,,,,,,,,,,,,,,,,,,,,,,,,,,,,2022-03-27 20:44:36.773249
44.241901,,,,,,,,,,,,,44.261807
44.281792,,,,,,,,,,,,,44.281782
44.302734,,,,,,,,,,,,,44.322674
44.342541,,,,,,,,,,,,,44.362478
44.382425,,,,,,,,,,,,,44.40236
44.422299,,,,,,,,,,,,,44.442253
44.462227,,,,,,,,,,,,,44.482155
44.502117,,,,,,,,,,,,,44.522035
44.542007,,,,,,,,,,,,,44.561948
44.581916,,,,,,,,,,,,,44.601834
44.621811,,,,,,,,,,,,,44.641749
44.662702,,,,,,,,,,,,,44.682636
44.702576,,,,,,,,,,,,,44.722526
44.742469,,,,,,,,,,,,,44.762407
44.782376,,,,,,,,,,,,,44.8023
44.822271,,,,,,,,,,,,,44.842193
44.861874,,,,,,,,,,,,,44.881787
44.902757,,,,,,,,,,,,,44.922693
44.942661,,,,,,,,,,,,,44.962577
44.982553,,,,,,,,,,,,,45.002477
45.022467,,,,,,,,,,,,,45.042373
45.062335,,,,,,,,,,,,,45.082263
45.10227,,,,,,,,,,,,,45.122144
45.142126,,,,,,,,,,,,,45.162054
45.182011,,,,,,,,,,,,,45.20196
45.221889,,,,,,,,,,,,,45.241851
45.261798,,,,,,,,,,,,,45.261786
45.282454,,,,,,,,,,,,,45.302428
45.322366,,,,,,,,,,,,,45.342319
45.361998,,,,,,,,,,,,,45.381945
45.401894,,,,,,,,,,,,,45.421874
45.441822,,,,,,,,,,,,,45.461611
45.482456,,,,,,,,,,,,,45.502431
45.522351,,,,,,,,,,,,,45.542306
45.562274,,,,,,,,,,,,,45.582194
45.602173,,,,,,,,,,,,,45.622089
45.642037,,,,,,,,,,,,,45.66199
45.681937,,,,,,,,,,,,,45.701871
45.72183,,,,,,,,,,,,,45.741763
45.762721,,,,,,,,,,,,,45.782661
45.802614,,,,,,,,,,,,,45.822549
45.842536,,,,,,,,,,,,,45.86243
45.882385,,,,,,,,,,,,,45.902337
45.922291,,,,,,,,,,,,,45.942259
45.962244,,,,,,,,,,,,,45.981197
46.001942,,,,,,,,,,,,,46.021095
46.041369,,,,,,,,,,,,,46.041356
46.062205,,,,,,,,,,,,,46.082145
46.102104,,,,,,,,,,,,,46.12182
46.140988,,,,,,,,,,,,,46.140977
46.161926,,,,,,,,,,,,,46.181866
46.201828,,,,,,,,,,,,,46.221748
46.242728,,,,,,,,,,,,,46.262653
46.28261,,,,,,,,,,,,,46.302557
46.322514,,,,,,,,,,,,,46.34244
46.362272,,,,,,,,,,,,,46.382222
46.402198,,,,,,,,,,,,,46.42211
46.44208,,,,,,,,,,,,,46.461137
46.481418,,,,,,,,,,,,,46.481409
46.502307,,,,,,,,,,,,,46.522228
46.542234,,,,,,,,,,,,,46.562139
46.582075,,,,,,,,,,,,,46.60203
46.621986,,,,,,,,,,,,,46.641933
46.66188,,,,,,,,,,,,,46.681845
46.701766,,,,,,,,,,,,,46.701752
46.722691,,,,,,,,,,,,,46.742639
46.762631,,,,,,,,,,,,,46.782537
46.802481,,,,,,,,,,,,,46.82242
46.842367,,,,,,,,,,,,,46.842355
46.862379,,,,,,,,,,,,,46.882262
46.902221,,,,,,,,,,,,,46.922156
46.942114,,,,,,,,,,,,,46.962064
46.982033,,,,,,,,,,,,,47.001992
47.021998,,,,,,,,,,,,,47.041963
47.0619,,,,,,,,,,,,,47.08183
47.101818,,,,,,,,,,,,,47.121722
47.142668,,,,,,,,,,,,,47.162604
47.182579,,,,,,,,,,,,,47.202489
47.222449,,,,,,,,,,,,,47.2424
47.262353,,,,,,,,,,,,,47.28219
47.302153,,,,,,,,,,,,,47.322085
47.342055,,,,,,,,,,,,,47.361861
47.381833,,,,,,,,,,,,,47.381822
47.401833,,,,,,,,,,,,,47.421723
47.442663,,,,,,,,,,,,,47.442652
47.462738,,,,,,,,,,,,,47.482538
47.502509,,,,,,,,,,,,,47.522442
47.542397,,,,,,,,,,,,,47.562326
47.582309,,,,,,,,,,,,,47.602213
47.622178,,,,,,,,,,,,,47.642131
47.662069,,,,,,,,,,,,,47.682007
47.701984,,,,,,,,,,,,,47.721914
47.741881,,,,,,,,,,,,,47.761792
47.782766,,,,,,,,,,,,,47.802702
47.822659,,,,,,,,,,,,,47.842573
47.862531,,,,,,,,,,,,,47.882468
47.902453,,,,,,,,,,,,,47.922353
47.942321,,,,,,,,,,,,,47.962244
47.982239,,,,,,,,,,,,,48.001324
48.021938,,,,,,,,,,,,,48.021926
48.041944,,,,,,,,,,,,,48.061843
48.081825,,,,,,,,,,,,,48.101752
48.122706,,,,,,,,,,,,,48.142652
48.162636,,,,,,,,,,,,,48.182536
48.202492,,,,,,,,,,,,,48.22244
48.242388,,,,,,,,,,,,,48.262307
48.282261,,,,,,,,,,,,,48.302218
48.32215,,,,,,,,,,,,,48.342088
48.361462,,,,,,,,,,,,,48.361452
48.382388,,,,,,,,,,,,,48.402321
48.422272,,,,,,,,,,,,,48.442226
48.462169,,,,,,,,,,,,,48.481962
48.501906,,,,,,,,,,,,,48.521841
48.541812,,,,,,,,,,,,,48.561791
48.582497,,,,,,,,,,,,,48.602466
48.622427,,,,,,,,,,,,,48.642363
48.662324,,,,,,,,,,,,,48.68228
48.702225,,,,,,,,,,,,,48.722171
48.742114,,,,,,,,,,,,,48.761396
48.781966,,,,,,,,,,,,,48.801895
48.821839,,,,,,,,,,,,,48.841784
48.862733,,,,,,,,,,,,,48.882668
48.902655,,,,,,,,,,,,,48.922545
48.942522,,,,,,,,,,,,,48.962457
48.982404,,,,,,,,,,,,,49.002367
49.022313,,,,,,,,,,,,,49.04225
49.062049,,,,,,,,,,,,,49.081986
49.101934,,,,,,,,,,,,,49.121857
49.141839,,,,,,,,,,,,,49.161752
49.1827,,,,,,,,,,,,,49.202636
49.222612,,,,,,,,,,,,,49.242543
49.262513,,,,,,,,,,,,,49.282273
49.302227,,,,,,,,,,,,,49.322166
49.34211,,,,,,,,,,,,,49.362058
49.381755,,,,,,,,,,,,,49.381745
49.40272,,,,,,,,,,,,,49.422648
49.442606,,,,,,,,,,,,,49.462519
49.482495,,,,,,,,,,,,,49.502427
49.522371,,,,,,,,,,,,,49.542333
49.562285,,,,,,,,,,,,,49.581376
49.602283,,,,,,,,,,,,,49.622193
49.642178,,,,,,,,,,,,,49.662089
49.682062,,,,,,,,,,,,,49.702012
49.721956,,,,,,,,,,,,,49.741892
49.761825,,,,,,,,,,,,,49.78178
49.802747,,,,,,,,,,,,,49.822686
49.842627,,,,,,,,,,,,,49.862566
49.882516,,,,,,,,,,,,,49.902455
49.922422,,,,,,,,,,,,,49.942353
49.962333,,,,,,,,,,,,,49.982276
50.0022,,,,,,,,,,,,,50.022143
50.0421,,,,,,,,,,,,,50.062028
50.08198,,,,,,,,,,,,,50.101046
50.121974,,,,,,,,,,,,,50.141923
50.161873,,,,,,,,,,,,,50.181824
50.201793,,,,,,,,,,,,,50.20178
50.222709,,,,,,,,,,,,,50.242677
50.262621,,,,,,,,,,,,,50.282553
50.302513,,,,,,,,,,,,,50.322456
50.34242,,,,,,,,,,,,,50.362337
50.382036,,,,,,,,,,,,,50.401991
50.421956,,,,,,,,,,,,,50.441871
50.454448,,,,,,,,,,,,,50.461625,,,,,,,,,,,,,,,,,,,,,,,,,,,,,,,,,,,,,,,,,,,,,,,,,,,,,,,,2022-03-27 20:44:43.022861
50.482392,,,,,,,,,,,,,50.502331
50.52229,,,,,,,,,,,,,50.542234
50.562176,,,,,,,,,,,,,50.582114
50.602079,,,,,,,,,,,,,50.62202
50.641039,,,,,,,,,,,,,50.641026
50.661988,,,,,,,,,,,,,50.68193
50.701874,,,,,,,,,,,,,50.721816
50.741765,,,,,,,,,,,,,50.741753
50.762724,,,,,,,,,,,,,50.782641
50.802602,,,,,,,,,,,,,50.822534
50.842496,,,,,,,,,,,,,50.862442
50.882392,,,,,,,,,,,,,50.902315
50.922284,,,,,,,,,,,,,50.942221
50.962208,,,,,,,,,,,,,50.982108
51.00208,,,,,,,,,,,,,51.022006
51.04201,,,,,,,,,,,,,51.061949
51.081899,,,,,,,,,,,,,51.101822
51.121786,,,,,,,,,,,,,51.121774
51.142764,,,,,,,,,,,,,51.161864
51.181806,,,,,,,,,,,,,51.181797
51.202779,,,,,,,,,,,,,51.222687
51.242692,,,,,,,,,,,,,51.262589
51.282547,,,,,,,,,,,,,51.302533
51.322481,,,,,,,,,,,,,51.342418
51.362379,,,,,,,,,,,,,51.382126
51.402089,,,,,,,,,,,,,51.421147
51.442114,,,,,,,,,,,,,51.462041
51.482001,,,,,,,,,,,,,51.501933
51.521904,,,,,,,,,,,,,51.541835
51.561782,,,,,,,,,,,,,51.561769
51.582718,,,,,,,,,,,,,51.582708
51.602726,,,,,,,,,,,,,51.622616
51.642563,,,,,,,,,,,,,51.661769
51.682587,,,,,,,,,,,,,51.702524
51.722478,,,,,,,,,,,,,51.742424
51.762396,,,,,,,,,,,,,51.78229
51.802293,,,,,,,,,,,,,51.822206
51.842168,,,,,,,,,,,,,51.862096
51.882053,,,,,,,,,,,,,51.902023
51.921941,,,,,,,,,,,,,51.941875
51.961837,,,,,,,,,,,,,51.981782
52.002725,,,,,,,,,,,,,52.022661
52.042629,,,,,,,,,,,,,52.062561
52.082555,,,,,,,,,,,,,52.102446
52.122401,,,,,,,,,,,,,52.142348
52.162444,,,,,,,,,,,,,52.182261
52.202234,,,,,,,,,,,,,52.222142
52.241865,,,,,,,,,,,,,52.261806
52.281766,,,,,,,,,,,,,52.281755
52.30272,,,,,,,,,,,,,52.322635
52.34259,,,,,,,,,,,,,52.36253
52.382504,,,,,,,,,,,,,52.401724
52.422681,,,,,,,,,,,,,52.42267
52.442688,,,,,,,,,,,,,52.462594
52.482533,,,,,,,,,,,,,52.502483
52.52245,,,,,,,,,,,,,52.542381
52.562306,,,,,,,,,,,,,52.582214
52.602173,,,,,,,,,,,,,52.622103
52.641955,,,,,,,,,,,,,52.661893
52.681859,,,,,,,,,,,,,52.701788
52.722743,,,,,,,,,,,,,52.742671
52.762635,,,,,,,,,,,,,52.782565
52.802523,,,,,,,,,,,,,52.822467
52.842415,,,,,,,,,,,,,52.862366
52.882288,,,,,,,,,,,,,52.902268
52.922208,,,,,,,,,,,,,52.942122
52.962085,,,,,,,,,,,,,52.982032
53.001974,,,,,,,,,,,,,53.021924
53.041881,,,,,,,,,,,,,53.061309
53.081666,,,,,,,,,,,,,53.081657
53.102501,,,,,,,,,,,,,53.122423
53.142381,,,,,,,,,,,,,53.162327
53.182283,,,,,,,,,,,,,53.202235
53.22217,,,,,,,,,,,,,53.24181
53.261702,,,,,,,,,,,,,53.261691
53.282642,,,,,,,,,,,,,53.302308
53.322251,,,,,,,,,,,,,53.342208
53.362155,,,,,,,,,,,,,53.382081
53.402082,,,,,,,,,,,,,53.42172
53.442699,,,,,,,,,,,,,53.462619
53.482603,,,,,,,,,,,,,53.502538
53.522486,,,,,,,,,,,,,53.542439
53.562441,,,,,,,,,,,,,53.582303
53.60229,,,,,,,,,,,,,53.621502
53.642531,,,,,,,,,,,,,53.662461
53.682415,,,,,,,,,,,,,53.702348
53.722315,,,,,,,,,,,,,53.742251
53.762211,,,,,,,,,,,,,53.782138
53.802097,,,,,,,,,,,,,53.822023
53.841992,,,,,,,,,,,,,53.861923
53.881873,,,,,,,,,,,,,53.901824
53.921792,,,,,,,,,,,,,53.921767
53.942715,,,,,,,,,,,,,53.962656
53.982618,,,,,,,,,,,,,54.002542
54.022503,,,,,,,,,,,,,54.042444
54.062403,,,,,,,,,,,,,54.082347
54.102341,,,,,,,,,,,,,54.122237
54.142207,,,,,,,,,,,,,54.162135
54.182084,,,,,,,,,,,,,54.202027
54.221982,,,,,,,,,,,,,54.24104
54.261228,,,,,,,,,,,,,54.261217
54.282119,,,,,,,,,,,,,54.30207
54.32203,,,,,,,,,,,,,54.341955
54.361904,,,,,,,,,,,,,54.381833
54.401817,,,,,,,,,,,,,54.421491
54.442429,,,,,,,,,,,,,54.462368
54.48215,,,,,,,,,,,,,54.502088
54.522031,,,,,,,,,,,,,54.541983
54.561926,,,,,,,,,,,,,54.581873
54.601833,,,,,,,,,,,,,54.621784
54.642714,,,,,,,,,,,,,54.662631
54.682616,,,,,,,,,,,,,54.702534
54.722495,,,,,,,,,,,,,54.742436
54.761494,,,,,,,,,,,,,54.761485
54.782399,,,,,,,,,,,,,54.802342
54.822284,,,,,,,,,,,,,54.842238
54.86219,,,,,,,,,,,,,54.882128
54.902074,,,,,,,,,,,,,54.922003
54.941982,,,,,,,,,,,,,54.961905
54.981856,,,,,,,,,,,,,55.001785
55.022742,,,,,,,,,,,,,55.042677
55.062642,,,,,,,,,,,,,55.082568
55.102522,,,,,,,,,,,,,55.122458
55.142434,,,,,,,,,,,,,55.142421
55.16244,,,,,,,,,,,,,55.182332
55.202307,,,,,,,,,,,,,55.222207
55.242178,,,,,,,,,,,,,55.262091
55.282169,,,,,,,,,,,,,55.301271
55.322223,,,,,,,,,,,,,55.342161
55.362126,,,,,,,,,,,,,55.38207
55.401997,,,,,,,,,,,,,55.421948
55.441579,,,,,,,,,,,,,55.441569
55.462453,,,,,,,,,,,,,55.482367
55.502335,,,,,,,,,,,,,55.522246
55.542215,,,,,,,,,,,,,55.562136
55.58213,,,,,,,,,,,,,55.602055
55.621986,,,,,,,,,,,,,55.641919
55.661902,,,,,,,,,,,,,55.68181
55.702775,,,,,,,,,,,,,55.722703
55.742681,,,,,,,,,,,,,55.762601
55.78258,,,,,,,,,,,,,55.801652
55.822048,,,,,,,,,,,,,55.841797
55.862784,,,,,,,,,,,,,55.881681
55.90265,,,,,,,,,,,,,55.922583
55.942555,,,,,,,,,,,,,55.962468
55.982448,,,,,,,,,,,,,56.002369
56.022327,,,,,,,,,,,,,56.042265
56.062237,,,,,,,,,,,,,56.082162
56.102121,,,,,,,,,,,,,56.122047
56.142029,,,,,,,,,,,,,56.161232
56.182194,,,,,,,,,,,,,56.202126
56.222066,,,,,,,,,,,,,56.242012
56.26196,,,,,,,,,,,,,56.281906
56.301897,,,,,,,,,,,,,56.321817
56.341791,,,,,,,,,,,,,56.34178
56.362722,,,,,,,,,,,,,56.382649
56.40261,,,,,,,,,,,,,56.422548
56.441708,,,,,,,,,,,,,56.441698
56.461974,,,,,,,,,,,,,56.4818
56.502764,,,,,,,,,,,,,56.522696
56.542645,,,,,,,,,,,,,56.562563
56.582521,,,,,,,,,,,,,56.602463
56.622401,,,,,,,,,,,,,56.642351
56.662324,,,,,,,,,,,,,56.682251
56.702217,,,,,,,,,,,,,56.722142,,,,,,,,,,,,,,,,,,,,,,,,,,,,,,,,,,,,,,,,,,,,,,,,,,,,,,,,2022-03-27 20:44:49.273440
56.742112,,,,,,,,,,,,,56.762032
56.781992,,,,,,,,,,,,,56.801949
56.821194,,,,,,,,,,,,,56.821183
56.841473,,,,,,,,,,,,,56.841462
56.862429,,,,,,,,,,,,,56.882359
56.902303,,,,,,,,,,,,,56.922269
56.942204,,,,,,,,,,,,,56.962146
56.982098,,,,,,,,,,,,,57.002024
57.021996,,,,,,,,,,,,,57.041931
57.061908,,,,,,,,,,,,,57.081848
57.101774,,,,,,,,,,,,,57.101763
57.122741,,,,,,,,,,,,,57.142659
57.162635,,,,,,,,,,,,,57.182571
57.20253,,,,,,,,,,,,,57.222439
57.242401,,,,,,,,,,,,,57.26234
57.282286,,,,,,,,,,,,,57.302214
57.321742,,,,,,,,,,,,,57.321729
57.342674,,,,,,,,,,,,,57.362585
57.382531,,,,,,,,,,,,,57.402487
57.422464,,,,,,,,,,,,,57.442433
57.462234,,,,,,,,,,,,,57.482185
57.502133,,,,,,,,,,,,,57.522077
57.542025,,,,,,,,,,,,,57.561944
57.581908,,,,,,,,,,,,,57.60186
57.621855,,,,,,,,,,,,,57.641731
57.662677,,,,,,,,,,,,,57.682616
57.702604,,,,,,,,,,,,,57.722531
57.742486,,,,,,,,,,,,,57.762402
57.782377,,,,,,,,,,,,,57.802322
57.822281,,,,,,,,,,,,,57.842264
57.862217,,,,,,,,,,,,,57.882186
57.902099,,,,,,,,,,,,,57.922044,,,,,,,,,,,<invalid>
57.941993,,,,,,,,,,,,,57.961933
57.98191,,,,,,,,,,,,,58.001832
58.021802,,,,,,,,,,,,,58.021791
58.042749,,,,,,,,,,,,,58.062662
58.082612,,,,,,,,,,,,,58.102572
58.122497,,,,,,,,,,,,,58.142467
58.162455,,,,,,,,,,,,,58.182351
58.202331,,,,,,,,,,,,,58.222233
58.242193,,,,,,,,,,,,,58.262132
58.282064,,,,,,,,,,,,,58.302019
58.321977,,,,,,,,,,,,,58.341917
58.361884,,,,,,,,,,,,,58.380998
58.401891,,,,,,,,,,,,,58.421805
58.441782,,,,,,,,,,,,,58.441769,,,,,,,,,,0;0;0
58.46272,,,,,,,,,,,,,58.482451,,,,,,,,,,-0.1;0;0
58.502402,,,,,,,,,,,,,58.522379,,,,,,,,,,-0.25;0;0
58.529448,,,,,,,,,,,,,58.542272,,,,,,,,,,-0.40000004;-0.05;0
58.554354,,,,,,,,,,,,,58.562232,,,,,,,,,,-0.5500001;-0.2;0
58.579313,,,,,,,,,,,,,58.58217,,,,,,,,,,-0.7000001;-0.35000002;0
58.601787,,,,,,,,,,,,,58.601777,,,,,,,,,,-0.7500001;-0.50000006;0
58.622718,,,,,,,,,,,,,58.642674,,,,,,,,,,-0.7500001;-0.6500001;0
58.654382,,,,,,,,,,,,,58.662624,,,,,,,,,,-0.5500001;-0.80000013;0
58.679322,,,,,,,,,,,,,58.682559,,,,,,,,,,-0.25;-0.95000017;0
58.702537,,,,,,,,,,,,,58.722453,,,,,,,,,,0;-0.9;0
58.729264,,,,,,,,,,,,,58.742406,,,,,,,,,,0.15;-0.74999994;0
58.754445,,,,,,,,,,,,,58.762345,,,,,,,,,,0.3;-0.5999999;0
58.779199,,,,,,,,,,,,,58.78229,,,,,,,,,,0.3;-0.44999987;0
58.802268,,,,,,,,,,,,,58.822194,,,,,,,,,,7.450581e-09;-0.29999983;0
58.829451,,,,,,,,,,,,,58.842155,,,,,,,,,,-0.15;-0.14999984;0
58.854424,,,,,,,,,,,,,58.86209,,,,,,,,,,-0.3;1.5646219e-07;0
58.879388,,,,,,,,,,,,,58.882059,,,,,,,,,,-0.45000005;0.15000015;0
58.901116,,,,,,,,,,,,,58.901105,,,,,,,,,,-0.6000001;0.30000016;0
58.922089,,,,,,,,,,,,,58.942009,,,,,,,,,,-0.7500001;0.4500002;0
58.954276,,,,,,,,,,,,,58.961955,,,,,,,,,,-0.80000013;0.6000002;0
58.979537,,,,,,,,,,,,,58.981908,,,,,,,,,,-0.6000001;0.75000024;0
59.001852,,,,,,,,,,,,,59.021816,,,,,,,,,,-0.3;0.80000025;0
59.029397,,,,,,,,,,,,,59.041735,,,,,,,,,,-7.450581e-09;0.6500002;0
59.054389,,,,,,,,,,,,,59.062682,,,,,,,,,,0.14999999;0.5000002;0
59.07954,,,,,,,,,,,,,59.082622,,,,,,,,,,0.29999998;0.35000014;0
59.10258,,,,,,,,,,,,,59.12255,,,,,,,,,,0.19999999;0.20000012;0
59.129222,,,,,,,,,,,,,59.142476,,,,,,,,,,-0.05000001;0.050000127;0
59.154257,,,,,,,,,,,,,59.162427,,,,,,,,,,-0.2;0;0
59.17942,,,,,,,,,,,,,59.18236,,,,,,,,,,-0.35000002;0;0
59.202334,,,,,,,,,,,,,59.222257,,,,,,,,,,-0.50000006;0;0
59.229582,,,,,,,,,,,,,59.242196,,,,,,,,,,-0.6500001;0;0
59.255021,,,,,,,,,,,,,59.262146,,,,,,,,,,-0.7000001;0;0
59.279647,,,,,,,,,,,,,59.282108,,,,,,,,,,-0.6000001;0;0
59.302063,,,,,,,,,,,,,59.321976,,,,,,,,,,-0.3;0;0
59.329908,,,,,,,,,,,,,59.341868,,,,,,,,,,-7.450581e-09;0;0
59.354397,,,,,,,,,,,,,59.361819,,,,,,,,,,0.14999999;0;0
59.379908,,,,,,,,,,,,,59.381764,,,,,,,,,,0.29999998;0;0
59.402726,,,,,,,,,,,,,59.42265,,,,,,,,,,0.45000002;0;0
59.430823,,,,,,,,,,,,,59.442593,,,,,,,,,,0.39999998;0;0
59.454765,,,,,,,,,,,,,59.462541,,,,,,,,,,0.14999996;0;0
59.479779,,,,,,,,,,,,,59.481997,,,,,,,,,,-0.1;0;0
59.501965,,,,,,,,,,,,,59.521894,,,,,,,,,,-0.25;0;0
59.529294,,,,,,,,,,,,,59.541838,,,,,,,,,,-0.40000004;-0.15;0
59.554759,,,,,,,,,,,,,59.561783,,,,,,,,,,-0.5500001;-0.3;0
59.57998,,,,,,,,,,,,,59.582733,,,,,,,,,,-0.7000001;-0.45000005;0
59.602697,,,,,,,,,,,,,59.622627,,,,,,,,,,-0.6500001;-0.6000001;0
59.630045,,,,,,,,,,,,,59.642572,,,,,,,,,,-0.35000002;-0.7500001;0
59.654511,,,,,,,,,,,,,59.662526,,,,,,,,,,-0.05000001;-0.80000013;0
59.679481,,,,,,,,,,,,,59.682471,,,,,,,,,,0.1;-0.6500001;0
59.702427,,,,,,,,,,,,,59.722344,,,,,,,,,,0.25;-0.50000006;0
59.729242,,,,,,,,,,,,,59.742302,,,,,,,,,,0.10000001;-0.35000002;0
59.754258,,,,,,,,,,,,,59.762252,,,,,,,,,,-0.1;-0.2;0
59.779317,,,,,,,,,,,,,59.782197,,,,,,,,,,-0.25;-0.05000001;0
59.802157,,,,,,,,,,,,,59.822093,,,,,,,,,,-0.40000004;0.1;0
59.829498,,,,,,,,,,,,,59.842036,,,,,,,,,,-0.5500001;0.25;0
59.854737,,,,,,,,,,,,,59.861996,,,,,,,,,,-0.5500001;0.40000004;0
59.879708,,,,,,,,,,,,,59.881935,,,,,,,,,,-0.25;0.5500001;0
59.901905,,,,,,,,,,,,,59.921847,,,,,,,,,,0;0.7000001;0
59.929449,,,,,,,,,,,,,59.941818,,,,,,,,,,0.15;0.6500001;0
59.954374,,,,,,,,,,,,,59.961744,,,,,,,,,,0.3;0.50000006;0
59.979492,,,,,,,,,,,,,59.982684,,,,,,,,,,0.45000005;0.35000002;0
60.002637,,,,,,,,,,,,,60.022572,,,,,,,,,,0.35000002;0.2;0
60.029344,,,,,,,,,,,,,60.042528,,,,,,,,,,0.05000001;0.05000001;0
60.054419,,,,,,,,,,,,,60.062533,,,,,,,,,,-0.14999999;0;0
60.079357,,,,,,,,,,,,,60.082427,,,,,,,,,,-0.29999998;0;0
60.102385,,,,,,,,,,,,,60.12234,,,,,,,,,,-0.45000002;0;0
60.129548,,,,,,,,,,,,,60.142261,,,,,,,,,,-0.6;-0.1;0
60.15474,,,,,,,,,,,,,60.162216,,,,,,,,,,-0.75000006;-0.25;0
60.180374,,,,,,,,,,,,,60.182162,,,,,,,,,,-0.9000001;-0.40000004;0
60.202109,,,,,,,,,,,,,60.222033,,,,,,,,,,-0.70000005;-0.5500001;0
60.23063,,,,,,,,,,,,,60.242012,,,,,,,,,,-0.39999998;-0.7000001;0
60.254948,,,,,,,,,,,,,60.261947,,,,,,,,,,-0.099999964;-0.7500001;0
60.279913,,,,,,,,,,,,,60.28188,,,,,,,,,,0.1;-0.6000001;0
60.301866,,,,,,,,,,,,,60.321783,,,,,,,,,,0.05000001;-0.45000005;0
60.329889,,,,,,,,,,,,,60.34273,,,,,,,,,,-0.14999999;-0.3;0
60.354847,,,,,,,,,,,,,60.362692,,,,,,,,,,-0.29999998;-0.15;0
60.379704,,,,,,,,,,,,,60.382633,,,,,,,,,,-0.45000002;-7.450581e-09;0
60.402603,,,,,,,,,,,,,60.422531,,,,,,,,,,-0.6;0;0
60.429812,,,,,,,,,,,,,60.442479,,,,,,,,,,-0.75000006;0.05;0
60.454976,,,,,,,,,,,,,60.46208,,,,,,,,,,-0.8000001;0.2;0
60.479969,,,,,,,,,,,,,60.482041,,,,,,,,,,-0.6;0.35000002;0
60.501636,,,,,,,,,,,,,60.501626,,,,,,,,,,-0.29999995;0.3;0
60.522584,,,,,,,,,,,,,60.542517,,,,,,,,,,0;0.15;0
60.55492,,,,,,,,,,,,,60.562458,,,,,,,,,,0.15;7.450581e-09;0
60.582414,,,,,,,,,,,,,60.602383
60.604912,,,,,,,,,,,,,60.622325,,,,,,,,,,0.3;0;0
60.629686,,,,,,,,,,,,,60.642272,,,,,,,,,,7.450581e-09;0;0
60.655176,,,,,,,,,,,,,60.662207,,,,,,,,,,-0.15;0.1;0
60.680074,,,,,,,,,,,,,60.682152,,,,,,,,,,-0.3;0.25;0
60.702121,,,,,,,,,,,,,60.722047,,,,,,,,,,-0.45000005;0.40000004;0
60.73,,,,,,,,,,,,,60.741987,,,,,,,,,,-0.6000001;0.5500001;0
60.754771,,,,,,,,,,,,,60.761936,,,,,,,,,,-0.45000005;0.7000001;0
60.779513,,,,,,,,,,,,,60.781911,,,,,,,,,,-0.15;0.5500001;0
60.801824,,,,,,,,,,,,,60.821765,,,,,,,,,,0.05;0.40000004;0
60.829598,,,,,,,,,,,,,60.842735,,,,,,,,,,0.2;0.25;0
60.854487,,,,,,,,,,,,,60.862654,,,,,,,,,,0.05000001;0.10000001;0
60.88262,,,,,,,,,,,,,60.902569
60.922517,,,,,,,,,,,,,60.94244,,,,,,,,,,0;0;0
60.954324,,,,,,,,,,,,,60.962402,,,,,,,,,,-0.15;-0.05;0
60.979537,,,,,,,,,,,,,60.982341,,,,,,,,,,-0.3;-0.2;0
61.002304,,,,,,,,,,,,,61.022222,,,,,,,,,,-0.45000005;-0.35000002;0
61.029238,,,,,,,,,,,,,61.042182,,,,,,,,,,-0.6000001;-0.50000006;0
61.054457,,,,,,,,,,,,,61.062144,,,,,,,,,,-0.7500001;-0.6500001;0
61.079657,,,,,,,,,,,,,61.082083,,,,,,,,,,-0.5500001;-0.80000013;0
61.102031,,,,,,,,,,,,,61.121997,,,,,,,,,,-0.25;-0.95000017;0
61.130033,,,,,,,,,,,,,61.141941,,,,,,,,,,0;-0.80000013;0
61.155023,,,,,,,,,,,,,61.161863,,,,,,,,,,0.05;-0.6500001;0
61.180364,,,,,,,,,,,,,61.181765,,,,,,,,,,0;-0.50000006;0
61.202743,,,,,,,,,,,,,61.222695,,,,,,,,,,-0.05;-0.35000002;0
61.229959,,,,,,,,,,,,,61.242653,,,,,,,,,,-0.2;-0.2;0
61.254847,,,,,,,,,,,,,61.262554,,,,,,,,,,-0.35000002;-7.450581e-09;0
61.279737,,,,,,,,,,,,,61.282512,,,,,,,,,,-0.50000006;0.14999999;0
61.302479,,,,,,,,,,,,,61.322407,,,,,,,,,,-0.6500001;0.29999998;0
61.329756,,,,,,,,,,,,,61.342093,,,,,,,,,,-0.7000001;0.45000002;0
61.355016,,,,,,,,,,,,,61.362017,,,,,,,,,,-0.50000006;0.6;0
61.379847,,,,,,,,,,,,,61.381961,,,,,,,,,,-0.2;0.75000006;0
61.401939,,,,,,,,,,,,,61.421867,,,,,,,,,,0.049999993;0.6;0
61.429618,,,,,,,,,,,,,61.44128,,,,,,,,,,0.19999999;0.45;0
61.454921,,,,,,,,,,,,,61.461817,,,,,,,,,,0.35;0.29999995;0
61.479847,,,,,,,,,,,,,61.481241,,,,,,,,,,0.29999998;0.14999996;0
61.501713,,,,,,,,,,,,,61.501701,,,,,,,,,,0.14999999;0;0
61.522146,,,,,,,,,,,,,61.54133,,,,,,,,,,-0.1;0;0
61.554849,,,,,,,,,,,,,61.56222,,,,,,,,,,-0.25;0;0
61.579392,,,,,,,,,,,,,61.58218,,,,,,,,,,-0.40000004;0;0
61.602133,,,,,,,,,,,,,61.622075,,,,,,,,,,-0.5500001;-0.1;0
61.629736,,,,,,,,,,,,,61.642006,,,,,,,,,,-0.7000001;-0.25;0
61.654757,,,,,,,,,,,,,61.661948,,,,,,,,,,-0.85000014;-0.40000004;0
61.679758,,,,,,,,,,,,,61.681914,,,,,,,,,,-1;-0.5500001;0
61.701426,,,,,,,,,,,,,61.701416,,,,,,,,,,-1;-0.7000001;0
61.722417,,,,,,,,,,,,,61.742297,,,,,,,,,,-1;-0.85000014;0
61.754718,,,,,,,,,,,,,61.762239,,,,,,,,,,-0.79999995;-1;0
61.78022,,,,,,,,,,,,,61.782145,,,,,,,,,,-0.49999988;-1;0
61.802126,,,,,,,,,,,,,61.822094,,,,,,,,,,-0.19999984;-0.84999996;0
61.82992,,,,,,,,,,,,,61.842033,,,,,,,,,,0.05;-0.6999999;0
61.854968,,,,,,,,,,,,,61.861991,,,,,,,,,,0.2;-0.5499999;0
61.880025,,,,,,,,,,,,,61.881912,,,,,,,,,,-0.049999993;-0.39999986;0
61.901869,,,,,,,,,,,,,61.921794,,,,,,,,,,-0.19999999;-0.24999984;0
61.929845,,,,,,,,,,,,,61.941729,,,,,,,,,,-0.35;-0.099999845;0
61.954821,,,,,,,,,,,,,61.962676,,,,,,,,,,-0.5;0.1;0
61.979677,,,,,,,,,,,,,61.982258,,,,,,,,,,-0.65000004;0.25;0
62.002212,,,,,,,,,,,,,62.022169,,,,,,,,,,-0.8000001;0.40000004;0
62.029277,,,,,,,,,,,,,62.042109,,,,,,,,,,-0.6;0.5500001;0
62.054394,,,,,,,,,,,,,62.062036,,,,,,,,,,-0.29999995;0.7000001;0
62.07965,,,,,,,,,,,,,62.08199,,,,,,,,,,0;0.6500001;0
62.101956,,,,,,,,,,,,,62.121874,,,,,,,,,,0.15;0.50000006;0
62.129909,,,,,,,,,,,,,62.141818,,,,,,,,,,0.3;0.35000002;0
62.154593,,,,,,,,,,,,,62.161791,,,,,,,,,,0.35000002;0.2;0
62.179682,,,,,,,,,,,,,62.181729,,,,,,,,,,0.15;0.05000001;0
62.201764,,,,,,,,,,,,,62.201752,,,,,,,,,,-0.099999994;0;0
62.22276,,,,,,,,,,,,,62.241809,,,,,,,,,,-0.24999999;0.15;0
62.25532,,,,,,,,,,,,,62.26148,,,,,,,,,,-0.4;0.3;0
62.28209,,,,,,,,,,,,,62.30152,,,,,,,,,,-0.55;0.45000005;0
62.305382,,,,,,,,,,,,,62.322085,,,,,,,,,,-0.6;0.6000001;0
62.331428,,,,,,,,,,,,,62.342057,,,,,,,,,,-0.29999995;0.7500001;0
62.355568,,,,,,,,,,,,,62.361974,,,,,,,,,,0;0.7000001;0
62.38045,,,,,,,,,,,,,62.381939,,,,,,,,,,0.15;0.5500001;0
62.401876,,,,,,,,,,,,,62.421771,,,,,,,,,,0.3;0.40000004;0
62.43034,,,,,,,,,,,,,62.442083,,,,,,,,,,0.35000002;0.25;0
62.455254,,,,,,,,,,,,,62.46205,,,,,,,,,,0.2;0.10000001;0
62.480511,,,,,,,,,,,,,62.482004,,,,,,,,,,0.05000001;0;0
62.501964,,,,,,,,,,,,,62.521659,,,,,,,,,,0;0;0
62.530451,,,,,,,,,,,,,62.542619,,,,,,,,,,-0.15;-0.05;0
62.554756,,,,,,,,,,,,,62.561716,,,,,,,,,,-0.3;-0.2;0
62.579763,,,,,,,,,,,,,62.582664,,,,,,,,,,-0.45000005;-0.35000002;0
62.602502,,,,,,,,,,,,,62.621845,,,,,,,,,,-0.6000001;-0.50000006;0
62.630258,,,,,,,,,,,,,62.641833,,,,,,,,,,-0.5500001;-0.6500001;0
62.655214,,,,,,,,,,,,,62.661759,,,,,,,,,,-0.25;-0.80000013;0
62.68042,,,,,,,,,,,,,62.681772,,,,,,,,,,0;-0.7500001;0
62.702802,,,,,,,,,,,,,62.721742,,,,,,,,,,0.15;-0.6000001;0
62.731606,,,,,,,,,,,,,62.742827,,,,,,,,,,0.2;-0.45000005;0
62.760129,,,,,,,,,,,,,62.762774,,,,,,,,,,0.05000001;-0.3;0
62.781897,,,,,,,,,,,,,62.80098,,,,,,,,,,-0.05;-0.15;0
62.806735,,,,,,,,,,,,,62.821051,,,,,,,,,,-0.2;-7.450581e-09;0
62.831421,,,,,,,,,,,,,62.841969,,,,,,,,,,-0.35000002;0.1;0
62.856496,,,,,,,,,,,,,62.861904,,,,,,,,,,-0.50000006;0.25;0
62.881005,,,,,,,,,,,,,62.88098,,,,,,,,,,-0.6500001;0.40000004;0
62.901118,,,,,,,,,,,,,62.901094,,,,,,,,,,-0.80000013;0.5500001;0
62.922,,,,,,,,,,,,,62.941952,,,,,,,,,,-0.6500001;0.7000001;0
62.956806,,,,,,,,,,,,,62.96107,,,,,,,,,,-0.35000002;0.85000014;0,,,,,,,,,,,,,,,,,,,,,,,,,,,,,,,,,,,,,,,,,,,,,,2022-03-27 20:44:55.525312
62.980283,,,,,,,,,,,,,62.982018,,,,,,,,,,-0.05000001;0.80000013;0
63.001986,,,,,,,,,,,,,63.021883,,,,,,,,,,0.1;0.6500001;0
63.030074,,,,,,,,,,,,,63.041874,,,,,,,,,,0.25;0.50000006;0
63.055057,,,,,,,,,,,,,63.061802,,,,,,,,,,0.40000004;0.35000002;0
63.080382,,,,,,,,,,,,,63.081721,,,,,,,,,,0.25;0.2;0
63.102699,,,,,,,,,,,,,63.122618,,,,,,,,,,0.10000001;0.05000001;0
63.129482,,,,,,,,,,,,,63.142564,,,,,,,,,,-0.099999994;0;0
63.154281,,,,,,,,,,,,,63.162493,,,,,,,,,,-0.24999999;0;0
63.179447,,,,,,,,,,,,,63.182213,,,,,,,,,,-0.4;0;0
63.201519,,,,,,,,,,,,,63.201505,,,,,,,,,,-0.55;0;0
63.221656,,,,,,,,,,,,,63.221643,,,,,,,,,,-0.70000005;0;0
63.242603,,,,,,,,,,,,,63.26253,,,,,,,,,,-0.8500001;-0.1;0
63.279347,,,,,,,,,,,,,63.282512,,,,,,,,,,-1;-0.25;0
63.301591,,,,,,,,,,,,,63.301581,,,,,,,,,,-1;-0.40000004;0
63.322511,,,,,,,,,,,,,63.34149,,,,,,,,,,-1;-0.5500001;0
63.356315,,,,,,,,,,,,,63.362275,,,,,,,,,,-0.9;-0.7000001;0
63.382257,,,,,,,,,,,,,63.402143,,,,,,,,,,-0.5999999;-0.85000014;0
63.405741,,,,,,,,,,,,,63.422089,,,,,,,,,,-0.29999983;-0.90000015;0
63.429877,,,,,,,,,,,,,63.442052,,,,,,,,,,0;-0.7500001;0
63.454557,,,,,,,,,,,,,63.461985,,,,,,,,,,0.15;-0.6000001;0
63.479424,,,,,,,,,,,,,63.481978,,,,,,,,,,7.450581e-09;-0.45000005;0
63.501947,,,,,,,,,,,,,63.521424,,,,,,,,,,0;-0.3;0
63.529359,,,,,,,,,,,,,63.541461,,,,,,,,,,0;-0.15;0
63.554337,,,,,,,,,,,,,63.562194,,,,,,,,,,0;-7.450581e-09;0
63.579473,,,,,,,,,,,,,63.582141,,,,,,,,,,0;0;0
63.602146,,,,,,,,,,,,,63.622044,,,,,,,,,,-0.1;0.1;0
63.62938,,,,,,,,,,,,,63.64199,,,,,,,,,,-0.25;0.25;0
63.654437,,,,,,,,,,,,,63.661939,,,,,,,,,,-0.40000004;0.40000004;0
63.679652,,,,,,,,,,,,,63.681882,,,,,,,,,,-0.5500001;0.5500001;0
63.701845,,,,,,,,,,,,,63.701835,,,,,,,,,,-0.5500001;0.7000001;0
63.721993,,,,,,,,,,,,,63.740954,,,,,,,,,,-0.25;0.85000014;0
63.756398,,,,,,,,,,,,,63.760995,,,,,,,,,,0;1;0
63.781188,,,,,,,,,,,,,63.781932,,,,,,,,,,0.15;0.84999996;0
63.801904,,,,,,,,,,,,,63.821812,,,,,,,,,,0.3;0.6999999;0
63.83044,,,,,,,,,,,,,63.841472,,,,,,,,,,0.45000005;0.5499999;0
63.85516,,,,,,,,,,,,,63.862383,,,,,,,,,,0.6000001;0.39999986;0
63.879177,,,,,,,,,,,,,63.881465,,,,,,,,,,0.50000006;0.24999984;0
63.901601,,,,,,,,,,,,,63.901589,,,,,,,,,,0.2;0.099999845;0
63.921632,,,,,,,,,,,,,63.941552,,,,,,,,,,-0.05;0;0
63.9556,,,,,,,,,,,,,63.962498,,,,,,,,,,-0.2;0;0
63.980758,,,,,,,,,,,,,63.982425,,,,,,,,,,-0.35000002;0.15;0
64.002376,,,,,,,,,,,,,64.021869,,,,,,,,,,-0.50000006;0.3;0
64.030226,,,,,,,,,,,,,64.041346,,,,,,,,,,-0.6500001;0.45000005;0
64.055039,,,,,,,,,,,,,64.061461,,,,,,,,,,-0.45000005;0.6000001;0
64.079858,,,,,,,,,,,,,64.081541,,,,,,,,,,-0.15;0.7500001;0
64.102554,,,,,,,,,,,,,64.121562,,,,,,,,,,0.05;0.7000001;0
64.129585,,,,,,,,,,,,,64.142546,,,,,,,,,,0.2;0.5500001;0
64.156427,,,,,,,,,,,,,64.162469,,,,,,,,,,0.35000002;0.40000004;0
64.181216,,,,,,,,,,,,,64.182399,,,,,,,,,,0.40000004;0.25;0
64.201479,,,,,,,,,,,,,64.201458,,,,,,,,,,0.25;0.10000001;0
64.222435,,,,,,,,,,,,,64.241501,,,,,,,,,,7.450581e-09;0;0
64.256413,,,,,,,,,,,,,64.262377,,,,,,,,,,-0.15;0;0
64.281331,,,,,,,,,,,,,64.28233,,,,,,,,,,-0.3;-0.05;0
64.301414,,,,,,,,,,,,,64.301399,,,,,,,,,,-0.45000005;-0.2;0
64.321659,,,,,,,,,,,,,64.321646,,,,,,,,,,-0.6000001;-0.35000002;0
64.342591,,,,,,,,,,,,,64.362518,,,,,,,,,,-0.6500001;-0.50000006;0
64.379536,,,,,,,,,,,,,64.382452,,,,,,,,,,-0.45000005;-0.6500001;0
64.402434,,,,,,,,,,,,,64.422363,,,,,,,,,,-0.15;-0.7000001;0
64.429484,,,,,,,,,,,,,64.442343,,,,,,,,,,0.05;-0.5500001;0
64.454634,,,,,,,,,,,,,64.462004,,,,,,,,,,0.2;-0.40000004;0
64.479342,,,,,,,,,,,,,64.48197,,,,,,,,,,0.15;-0.25;0
64.501998,,,,,,,,,,,,,64.521972,,,,,,,,,,7.450581e-09;-0.10000001;0
64.531666,,,,,,,,,,,,,64.541882,,,,,,,,,,-0.15;0;0
64.555745,,,,,,,,,,,,,64.561844,,,,,,,,,,-0.3;0.05;0
64.579607,,,,,,,,,,,,,64.580925,,,,,,,,,,-0.45000005;0.2;0
64.601017,,,,,,,,,,,,,64.601003,,,,,,,,,,-0.6000001;0.35000002;0
64.621914,,,,,,,,,,,,,64.621899,,,,,,,,,,-0.7500001;0.50000006;0
64.641915,,,,,,,,,,,,,64.660974,,,,,,,,,,-0.80000013;0.6500001;0
64.679881,,,,,,,,,,,,,64.681087,,,,,,,,,,-0.50000006;0.80000013;0
64.701226,,,,,,,,,,,,,64.701212,,,,,,,,,,-0.2;0.6500001;0
64.722235,,,,,,,,,,,,,64.741306,,,,,,,,,,0.049999993;0.50000006;0
64.754904,,,,,,,,,,,,,64.761411,,,,,,,,,,0.19999999;0.35000002;0
64.779847,,,,,,,,,,,,,64.782364,,,,,,,,,,0.14999999;0.2;0
64.802382,,,,,,,,,,,,,64.822331,,,,,,,,,,-0.05000001;0.05000001;0
64.831137,,,,,,,,,,,,,64.842277,,,,,,,,,,-0.2;0;0
64.855436,,,,,,,,,,,,,64.861958,,,,,,,,,,-0.35000002;0;0
64.880688,,,,,,,,,,,,,64.881904,,,,,,,,,,-0.50000006;0.15;0
64.901898,,,,,,,,,,,,,64.921844,,,,,,,,,,-0.6500001;0.3;0
64.930327,,,,,,,,,,,,,64.941753,,,,,,,,,,-0.80000013;0.45000005;0
64.954638,,,,,,,,,,,,,64.962664,,,,,,,,,,-0.80000013;0.6000001;0
64.980399,,,,,,,,,,,,,64.982608,,,,,,,,,,-0.50000006;0.7500001;0
65.002581,,,,,,,,,,,,,65.022522,,,,,,,,,,-0.2;0.6000001;0
65.030474,,,,,,,,,,,,,65.041539,,,,,,,,,,0.049999993;0.45000005;0
65.054836,,,,,,,,,,,,,65.061661,,,,,,,,,,0.19999999;0.3;0
65.079713,,,,,,,,,,,,,65.082461,,,,,,,,,,0.049999993;0.15;0
65.102414,,,,,,,,,,,,,65.122362,,,,,,,,,,0;7.450581e-09;0
65.12961,,,,,,,,,,,,,65.142307,,,,,,,,,,-0.15;0;0
65.154557,,,,,,,,,,,,,65.162249,,,,,,,,,,-0.3;0;0
65.179761,,,,,,,,,,,,,65.182185,,,,,,,,,,-0.45000005;0;0
65.202179,,,,,,,,,,,,,65.222112,,,,,,,,,,-0.6000001;0;0
65.229858,,,,,,,,,,,,,65.242049,,,,,,,,,,-0.7500001;0;0
65.254842,,,,,,,,,,,,,65.261975,,,,,,,,,,-0.90000015;0;0
65.281131,,,,,,,,,,,,,65.281123
65.30206,,,,,,,,,,,,,65.321978
65.330418,,,,,,,,,,,,,65.341947,,,,,,,,,,-1;0;0
65.355557,,,,,,,,,,,,,65.361769,,,,,,,,,,-0.95;0;0
65.380094,,,,,,,,,,,,,65.381649,,,,,,,,,,-0.79999995;0;0
65.402578,,,,,,,,,,,,,65.421745,,,,,,,,,,-0.6499999;0;0
65.430932,,,,,,,,,,,,,65.441622,,,,,,,,,,-0.49999988;0;0
65.456106,,,,,,,,,,,,,65.462391,,,,,,,,,,-0.34999985;0;0
65.481079,,,,,,,,,,,,,65.481861,,,,,,,,,,-0.19999984;0;0
65.50181,,,,,,,,,,,,,65.501798,,,,,,,,,,-0.049999844;0;0
65.522746,,,,,,,,,,,,,65.542536
65.562485,,,,,,,,,,,,,65.582427
65.602369,,,,,,,,,,,,,65.621866
65.641825,,,,,,,,,,,,,65.661761
65.682727,,,,,,,,,,,,,65.702663
65.722623,,,,,,,,,,,,,65.742554
65.762521,,,,,,,,,,,,,65.78244
65.802428,,,,,,,,,,,,,65.822391
65.842346,,,,,,,,,,,,,65.862324
65.881363,,,,,,,,,,,,,65.881345
65.902304,,,,,,,,,,,,,65.921391
65.941501,,,,,,,,,,,,,65.941481
65.962423,,,,,,,,,,,,,65.982327
66.00229,,,,,,,,,,,,,66.022277
66.041265,,,,,,,,,,,,,66.041252
66.062212,,,,,,,,,,,,,66.082133
66.10122,,,,,,,,,,,,,66.101207
66.122176,,,,,,,,,,,,,66.141119
66.162091,,,,,,,,,,,,,66.182016
66.20159,,,,,,,,,,,,,66.201575
66.222511,,,,,,,,,,,,,66.242449
66.262465,,,,,,,,,,,,,66.282343
66.302296,,,,,,,,,,,,,66.322236
66.329592,,,,,,,,,,,,,66.342361,,,,,,,,true,,,,,,,,,,,,,,,,,,,,,,,33
66.362156,,,,,,,,,,,,,66.382077
66.402054,,,,,,,,,,,,,66.422012
66.441964,,,,,,1,,,,,,,66.461867
66.481764,,,,,,,,,,,,,66.481754
66.502707,,,,,,,,,,,,,66.522636
66.542638,,,,,,,,,,,,,66.561733
66.581839,,,,,,,,,,,,,66.601787
66.621707,,,,,,,,,,,,,66.62169
66.641746,,,,,,,,,,,,,66.641731
66.662662,,,,,,,,,,,,,66.682566
66.701841,,,,,,,,,,,,,66.721055
66.742014,,,,,,,,,,,,,66.761926
66.781884,,,,,,,,,,,,,66.801832
66.821799,,,,,,,,,,,,,66.821787
66.842728,,,,,,,,,,,,,66.862351
66.882319,,,,,,,,,,,,,66.902246
66.921689,,,,,,,,,,,,,66.921676
66.942259,,,,,,,,,,,,,66.962188
66.982137,,,,,,,,,,,,,67.002075
67.022018,,,,,,,,,,,,,67.041959
67.054402,,,,,,,,,,,,,67.061932,,,,,,,,,,0;0;0
67.079432,,,,,,,,,,,,,67.081916,,,,,,,,,,-0.05;0;0
67.101876,,,,,,,,,,,,,67.101865,,,,,,,,,,-0.2;0;0
67.122914,,,,,,,,,,,,,67.141114,,,,,,,,,,-0.35000002;0;0
67.155395,,,,,,,,,,,,,67.161175,,,,,,,,,,-0.50000006;0;0
67.180315,,,,,,,,,,,,,67.182108,,,,,,,,,,-0.6500001;0;0
67.201323,,,,,,,,,,,,,67.201306,,,,,,,,,,-0.80000013;0;0
67.221392,,,,,,,,,,,,,67.22137,,,,,,,,,,-0.95000017;0;0
67.242331,,,,,,,,,,,,,67.262308
67.282269,,,,,,,,,,,,,67.302161
67.306023,,,,,,,,,,,,,67.322099,,,,,,,,,,-1;0;0
67.331016,,,,,,,,,,,,,67.34121,,,,,,,,,,-0.84999996;0;0
67.355986,,,,,,,,,,,,,67.36152,,,,,,,,,,-0.6999999;0;0
67.381302,,,,,,,,,,,,,67.38157,,,,,,,,,,-0.5499999;0;0
67.402538,,,,,,,,,,,,,67.422461,,,,,,,,,,-0.39999986;0;0
67.431144,,,,,,,,,,,,,67.441929,,,,,,,,,,-0.24999984;0;0
67.455025,,,,,,,,,,,,,67.460981,,,,,,,,,,-0.099999845;0;0
67.479416,,,,,,,,,,,,,67.481921,,,,,,,,,,0;0;0
67.501872,,,,,,,,,,,,,67.521811,,,,,,,,,,-0.15;0;0
67.529634,,,,,,,,,,,,,67.542667,,,,,,,,,,-0.3;0;0
67.554419,,,,,,,,,,,,,67.562596,,,,,,,,,,-0.45000005;0.05;0
67.579268,,,,,,,,,,,,,67.582551,,,,,,,,,,-0.6000001;0.2;0
67.602614,,,,,,,,,,,,,67.622469,,,,,,,,,,-0.7500001;0.35000002;0
67.629327,,,,,,,,,,,,,67.642401,,,,,,,,,,-0.90000015;0.50000006;0
67.654245,,,,,,,,,,,,,67.662354,,,,,,,,,,-0.7000001;0.6500001;0
67.679367,,,,,,,,,,,,,67.682304,,,,,,,,,,-0.40000004;0.80000013;0
67.702249,,,,,,,,,,,,,67.722203,,,,,,,,,,-0.10000001;0.95000017;0
67.729286,,,,,,,,,,,,,67.742162,,,,,,,,,,0.099999994;0.80000013;0
67.754423,,,,,,,,,,,,,67.762116,,,,,,,,,,0.24999999;0.6500001;0
67.779491,,,,,,,,,,,,,67.782057,,,,,,,,,,0.4;0.50000006;0
67.802051,,,,,,,,,,,,,67.82203,,,,,,,,,,0.45;0.35000002;0
67.829221,,,,,,,,,,,,,67.841957,,,,,,,,,,0.14999996;0.2;0
67.855149,,,,,,,,,,,,,67.860986,,,,,,,,,,-0.1;0.35000002;0
67.880053,,,,,,,,,,,,,67.881966,,,,,,,,,,-0.25;0.50000006;0
67.901939,,,,,,,,,,,,,67.921875,,,,,,,,,,-0.40000004;0.6500001;0
67.92967,,,,,,,,,,,,,67.941797,,,,,,,,,,-0.5500001;0.80000013;0
67.954583,,,,,,,,,,,,,67.961719,,,,,,,,,,-0.40000004;0.95000017;0
67.979655,,,,,,,,,,,,,67.981803,,,,,,,,,,-0.10000001;0.80000013;0
68.00141,,,,,,,,,,,,,68.001399,,,,,,,,,,0.099999994;0.6500001;0
68.022361,,,,,,,,,,,,,68.042312,,,,,,,,,,0.24999999;0.50000006;0
68.054739,,,,,,,,,,,,,68.062234,,,,,,,,,,0.29999998;0.35000002;0
68.079282,,,,,,,,,,,,,68.082179,,,,,,,,,,0.14999999;0.2;0
68.102146,,,,,,,,,,,,,68.121342,,,,,,,,,,-0.1;0.05000001;0
68.129413,,,,,,,,,,,,,68.142254,,,,,,,,,,-0.25;0;0
68.154571,,,,,,,,,,,,,68.162241,,,,,,,,,,-0.40000004;0;0
68.179582,,,,,,,,,,,,,68.182167,,,,,,,,,,-0.5500001;-0.15;0
68.202126,,,,,,,,,,,,,68.222073,,,,,,,,,,-0.7000001;-0.3;0
68.229437,,,,,,,,,,,,,68.242007,,,,,,,,,,-0.80000013;-0.45000005;0
68.254455,,,,,,,,,,,,,68.261958,,,,,,,,,,-0.6000001;-0.6000001;0
68.279393,,,,,,,,,,,,,68.281908,,,,,,,,,,-0.3;-0.7500001;0
68.301863,,,,,,,,,,,,,68.301851,,,,,,,,,,-7.450581e-09;-0.6000001;0
68.321875,,,,,,,,,,,,,68.34182,,,,,,,,,,0.14999999;-0.45000005;0
68.355539,,,,,,,,,,,,,68.362906,,,,,,,,,,0.29999998;-0.3;0
68.381101,,,,,,,,,,,,,68.381794,,,,,,,,,,0.049999993;-0.15;0
68.401875,,,,,,,,,,,,,68.421808,,,,,,,,,,-0.15;-7.450581e-09;0
68.430833,,,,,,,,,,,,,68.441808,,,,,,,,,,-0.3;-0.05;0
68.4561,,,,,,,,,,,,,68.462831,,,,,,,,,,-0.45000005;-0.2;0
68.480461,,,,,,,,,,,,,68.481834,,,,,,,,,,-0.6000001;-0.35000002;0
68.501833,,,,,,,,,,,,,68.52177,,,,,,,,,,-0.45000005;-0.50000006;0
68.53258,,,,,,,,,,,,,68.541698,,,,,,,,,,-0.15;-0.5500001;0
68.556052,,,,,,,,,,,,,68.561335,,,,,,,,,,0.05;-0.40000004;0
68.580719,,,,,,,,,,,,,68.582354,,,,,,,,,,0.2;-0.25;0
68.601649,,,,,,,,,,,,,68.60163,,,,,,,,,,0.35000002;-0.10000001;0
68.621844,,,,,,,,,,,,,68.641731,,,,,,,,,,0.35000002;0;0
68.655529,,,,,,,,,,,,,68.662772,,,,,,,,,,0.05000001;0;0
68.680782,,,,,,,,,,,,,68.680964,,,,,,,,,,-0.14999999;0;0
68.70194,,,,,,,,,,,,,68.721841,,,,,,,,,,-0.29999998;-0.15;0
68.729887,,,,,,,,,,,,,68.741777,,,,,,,,,,-0.45000002;-0.3;0
68.754294,,,,,,,,,,,,,68.762709,,,,,,,,,,-0.29999995;-0.45000005;0
68.779343,,,,,,,,,,,,,68.782679,,,,,,,,,,0;-0.40000004;0
68.802626,,,,,,,,,,,,,68.82258,,,,,,,,,,0.15;-0.25;0
68.829953,,,,,,,,,,,,,68.842528,,,,,,,,,,0.3;-0.10000001;0
68.854617,,,,,,,,,,,,,68.861568,,,,,,,,,,0.25;0;0
68.879365,,,,,,,,,,,,,68.882589,,,,,,,,,,0.05000001;0;0
68.902531,,,,,,,,,,,,,68.922464,,,,,,,,,,-0.14999999;0;0
68.929487,,,,,,,,,,,,,68.942428,,,,,,,,,,-0.29999998;0;0
68.95448,,,,,,,,,,,,,68.962363,,,,,,,,,,-0.45000002;-0.1;0
68.979268,,,,,,,,,,,,,68.982322,,,,,,,,,,-0.24999999;-0.25;0
69.002266,,,,,,,,,,,,,69.022198,,,,,,,,,,7.450581e-09;-0.2;0
69.029335,,,,,,,,,,,,,69.042173,,,,,,,,,,0.15;-0.05000001;0
69.054472,,,,,,,,,,,,,69.062089,,,,,,,,,,0.10000001;0;0
69.079335,,,,,,,,,,,,,69.082041,,,,,,,,,,0;0;0
69.102008,,,,,,,,,,,,,69.121936,,,,,,,,,,-0.1;0;0
69.129589,,,,,,,,,,,,,69.141861,,,,,,,,,,-0.25;0;0
69.154327,,,,,,,,,,,,,69.161808,,,,,,,,,,-0.40000004;-0.1;0
69.179568,,,,,,,,,,,,,69.181774,,,,,,,,,,-0.5500001;-0.25;0
69.202561,,,,,,,,,,,,,69.222505,,,,,,,,,,-0.40000004;-0.40000004;0,,,,,,,,,,,,,,,,,,,,,,,,,,,,,,,,,,,,,,,,,,,,,,2022-03-27 20:45:01.773802
69.229357,,,,,,,,,,,,,69.242469,,,,,,,,,,-0.10000001;-0.35000002;0
69.254539,,,,,,,,,,,,,69.262406,,,,,,,,,,0.099999994;-0.2;0
69.279521,,,,,,,,,,,,,69.282334,,,,,,,,,,0.14999999;-0.05000001;0
69.302317,,,,,,,,,,,,,69.322236,,,,,,,,,,-0.05;0;0
69.329276,,,,,,,,,,,,,69.341286,,,,,,,,,,-0.2;0;0
69.354301,,,,,,,,,,,,,69.362008,,,,,,,,,,-0.35000002;0;0
69.379963,,,,,,,,,,,,,69.381973,,,,,,,,,,-0.50000006;-0.1;0
69.401932,,,,,,,,,,,,,69.421833,,,,,,,,,,-0.5500001;-0.25;0
69.429987,,,,,,,,,,,,,69.441793,,,,,,,,,,-0.25;-0.40000004;0
69.455568,,,,,,,,,,,,,69.461737,,,,,,,,,,0;-0.25;0
69.480131,,,,,,,,,,,,,69.481725,,,,,,,,,,0.15;-0.10000001;0
69.502667,,,,,,,,,,,,,69.522587,,,,,,,,,,0.10000001;0;0
69.530227,,,,,,,,,,,,,69.542563,,,,,,,,,,-0.099999994;0;0
69.561907,,,,,,,,,,,,,69.581855,,,,,,,,,,-0.4;-0.15;0
69.601799,,,,,,,,,,,,,69.601788,,,,,,,,,,-0.55;-0.3;0
69.622758,,,,,,,,,,,,,69.622746,,,,,,,,,,-0.6;-0.45000005;0
69.642759,,,,,,,,,,,,,69.662734,,,,,,,,,,-0.39999998;-0.6000001;0
69.679994,,,,,,,,,,,,,69.681643,,,,,,,,,,-0.099999964;-0.6500001;0
69.702626,,,,,,,,,,,,,69.72259,,,,,,,,,,0.1;-0.50000006;0
69.729721,,,,,,,,,,,,,69.7418,,,,,,,,,,0.15;-0.35000002;0
69.754622,,,,,,,,,,,,,69.761084,,,,,,,,,,7.450581e-09;-0.2;0
69.779621,,,,,,,,,,,,,69.78201,,,,,,,,,,-0.15;-0.05000001;0
69.801982,,,,,,,,,,,,,69.821925,,,,,,,,,,-0.3;0;0
69.830654,,,,,,,,,,,,,69.84186,,,,,,,,,,-0.45000005;0;0
69.854655,,,,,,,,,,,,,69.861808,,,,,,,,,,-0.6000001;-0.05;0
69.879408,,,,,,,,,,,,,69.881765,,,,,,,,,,-0.7500001;-0.2;0
69.902322,,,,,,,,,,,,,69.922307,,,,,,,,,,-0.90000015;-0.35000002;0
69.929713,,,,,,,,,,,,,69.942241,,,,,,,,,,-1;-0.50000006;0
69.954795,,,,,,,,,,,,,69.962226,,,,,,,,,,-0.95;-0.35000002;0
69.979519,,,,,,,,,,,,,69.982137,,,,,,,,,,-0.79999995;-0.2;0
70.002065,,,,,,,,,,,,,70.022041,,,,,,,,,,-0.6499999;-0.05000001;0
70.029366,,,,,,,,,,,,,70.041962,,,,,,,,,,-0.49999988;0;0
70.054418,,,,,,,,,,,,,70.061911,,,,,,,,,,-0.34999985;0;0
70.080152,,,,,,,,,,,,,70.081858,,,,,,,,,,-0.19999984;0;0
70.10187,,,,,,,,,,,,,70.121772,,,,,,,,,,-0.049999844;0;0
70.129957,,,,,,,,,,,,,70.142771,,,,,,,,,,-0.1;0;0
70.156836,,,,,,,,,,,,,70.161792,,,,,,,,,,-0.25;0;0
70.181339,,,,,,,,,,,,,70.182726,,,,,,,,,,-0.40000004;0;0
70.201786,,,,,,,,,,,,,70.221673,,,,,,,,,,-0.5500001;0;0
70.231966,,,,,,,,,,,,,70.241733,,,,,,,,,,-0.7000001;-0.05;0
70.256231,,,,,,,,,,,,,70.262772,,,,,,,,,,-0.85000014;-0.2;0
70.280478,,,,,,,,,,,,,70.281695,,,,,,,,,,-1;-0.35000002;0
70.302619,,,,,,,,,,,,,70.322577,,,,,,,,,,-1;-0.50000006;0
70.330527,,,,,,,,,,,,,70.342515,,,,,,,,,,-1;-0.6500001;0
70.354827,,,,,,,,,,,,,70.362441,,,,,,,,,,-0.79999995;-0.50000006;0
70.379731,,,,,,,,,,,,,70.382372,,,,,,,,,,-0.49999988;-0.35000002;0
70.402377,,,,,,,,,,,,,70.422293,,,,,,,,,,-0.19999984;-0.2;0
70.429565,,,,,,,,,,,,,70.44153,,,,,,,,,,0;-0.05000001;0
70.454701,,,,,,,,,,,,,70.462345,,,,,,,,,,0;0;0
70.479973,,,,,,,,,,,,,70.482079,,,,,,,,,,-0.1;0;0
70.502051,,,,,,,,,,,,,70.522002,,,,,,,,,,-0.25;0;0
70.529734,,,,,,,,,,,,,70.541931,,,,,,,,,,-0.40000004;-0.05;0
70.555088,,,,,,,,,,,,,70.561846,,,,,,,,,,-0.5500001;-0.2;0
70.580291,,,,,,,,,,,,,70.581622,,,,,,,,,,-0.7000001;-0.35000002;0
70.602587,,,,,,,,,,,,,70.622559,,,,,,,,,,-0.7000001;-0.50000006;0
70.630251,,,,,,,,,,,,,70.642476,,,,,,,,,,-0.50000006;-0.6500001;0
70.65521,,,,,,,,,,,,,70.662457,,,,,,,,,,-0.2;-0.50000006;0
70.68004,,,,,,,,,,,,,70.682336,,,,,,,,,,0.049999993;-0.35000002;0
70.702301,,,,,,,,,,,,,70.722237,,,,,,,,,,0.099999994;-0.2;0
70.72927,,,,,,,,,,,,,70.742184,,,,,,,,,,0;-0.05000001;0
70.754467,,,,,,,,,,,,,70.762126,,,,,,,,,,0;0;0
70.779934,,,,,,,,,,,,,70.782075,,,,,,,,,,-0.15;0;0
70.802086,,,,,,,,,,,,,70.82198,,,,,,,,,,-0.3;0;0
70.829817,,,,,,,,,,,,,70.842003,,,,,,,,,,-0.45000005;-0.15;0
70.855987,,,,,,,,,,,,,70.861926,,,,,,,,,,-0.6000001;-0.3;0
70.881055,,,,,,,,,,,,,70.881007,,,,,,,,,,-0.7500001;-0.45000005;0
70.901988,,,,,,,,,,,,,70.921943,,,,,,,,,,-0.6500001;-0.6000001;0
70.931776,,,,,,,,,,,,,70.941867,,,,,,,,,,-0.35000002;-0.6500001;0
70.958293,,,,,,,,,,,,,70.961932,,,,,,,,,,-0.05000001;-0.50000006;0
70.981419,,,,,,,,,,,,,70.98179,,,,,,,,,,0.1;-0.35000002;0
71.00163,,,,,,,,,,,,,71.001605,,,,,,,,,,0;-0.2;0
71.022561,,,,,,,,,,,,,71.042501,,,,,,,,,,0;-0.05000001;0
71.05449,,,,,,,,,,,,,71.062402,,,,,,,,,,0;0;0
71.079895,,,,,,,,,,,,,71.082332,,,,,,,,,,-0.1;0;0
71.102322,,,,,,,,,,,,,71.122251,,,,,,,,,,-0.25;0;0
71.129434,,,,,,,,,,,,,71.142161,,,,,,,,,,-0.40000004;-0.15;0
71.154601,,,,,,,,,,,,,71.161707,,,,,,,,,,-0.5500001;-0.3;0
71.179547,,,,,,,,,,,,,71.182075,,,,,,,,,,-0.7000001;-0.45000005;0
71.201644,,,,,,,,,,,,,71.201633,,,,,,,,,,-0.7000001;-0.6000001;0
71.222593,,,,,,,,,,,,,71.242541,,,,,,,,,,-0.7000001;-0.7500001;0
71.254297,,,,,,,,,,,,,71.262473,,,,,,,,,,-0.50000006;-0.7000001;0
71.279458,,,,,,,,,,,,,71.282411,,,,,,,,,,-0.2;-0.5500001;0
71.302406,,,,,,,,,,,,,71.322306,,,,,,,,,,0.049999993;-0.40000004;0
71.329413,,,,,,,,,,,,,71.342271,,,,,,,,,,0.099999994;-0.25;0
71.354333,,,,,,,,,,,,,71.361277,,,,,,,,,,0;-0.10000001;0
71.382058,,,,,,,,,,,,,71.401127
71.404944,,,,,,,,,,,,,71.422034,,,,,,,,,,0;0;0
71.429771,,,,,,,,,,,,,,,,,,,,,,,-0.1;0;0
71.450235,,,,,,,,,,,,,71.450218,,,,,,,,,,-0.25;0;0
71.480013,,,,,,,,,,,,,71.482054,,,,,,,,,,-0.40000004;-0.1;0
71.502017,,,,,,,,,,,,,71.521937,,,,,,,,,,-0.5500001;-0.25;0
71.530101,,,,,,,,,,,,,71.541862,,,,,,,,,,-0.7000001;-0.40000004;0
71.554559,,,,,,,,,,,,,71.561813,,,,,,,,,,-0.80000013;-0.5500001;0
71.580102,,,,,,,,,,,,,71.581765,,,,,,,,,,-0.80000013;-0.7000001;0
71.601862,,,,,,,,,,,,,71.621793,,,,,,,,,,-0.7000001;-0.85000014;0
71.629604,,,,,,,,,,,,,71.642777,,,,,,,,,,-0.40000004;-0.7000001;0
71.655321,,,,,,,,,,,,,71.662785,,,,,,,,,,-0.10000001;-0.5500001;0
71.680016,,,,,,,,,,,,,71.681666,,,,,,,,,,0;-0.40000004;0
71.702123,,,,,,,,,,,,,71.721435,,,,,,,,,,0;-0.25;0
71.729599,,,,,,,,,,,,,71.742446,,,,,,,,,,0;-0.10000001;0
71.754926,,,,,,,,,,,,,71.762357,,,,,,,,,,-0.15;0;0
71.779913,,,,,,,,,,,,,71.782306,,,,,,,,,,-0.3;0;0
71.802335,,,,,,,,,,,,,71.822198,,,,,,,,,,-0.45000005;-0.15;0
71.829653,,,,,,,,,,,,,71.841294,,,,,,,,,,-0.6000001;-0.3;0
71.85655,,,,,,,,,,,,,71.86223,,,,,,,,,,-0.6500001;-0.45000005;0
71.88139,,,,,,,,,,,,,71.882232,,,,,,,,,,-0.6500001;-0.6000001;0
71.902153,,,,,,,,,,,,,71.902138,,,,,,,,,,-0.45000005;-0.5500001;0
71.922212,,,,,,,,,,,,,71.942036,,,,,,,,,,-0.15;-0.40000004;0
71.955103,,,,,,,,,,,,,71.961962,,,,,,,,,,0.05;-0.25;0
71.98004,,,,,,,,,,,,,71.981919,,,,,,,,,,0;-0.10000001;0
72.001879,,,,,,,,,,,,,72.021808
72.029671,,,,,,,,,,,,,72.041727,,,,,,,,,,0;0;0
72.054972,,,,,,,,,,,,,72.062742,,,,,,,,,,-0.15;0;0
72.079778,,,,,,,,,,,,,72.081639,,,,,,,,,,-0.3;0;0
72.101752,,,,,,,,,,,,,72.101732,,,,,,,,,,-0.45000005;-0.1;0
72.122701,,,,,,,,,,,,,72.141737,,,,,,,,,,-0.6000001;-0.25;0
72.156431,,,,,,,,,,,,,72.162646,,,,,,,,,,-0.7000001;-0.40000004;0
72.181675,,,,,,,,,,,,,72.182564,,,,,,,,,,-0.7000001;-0.5500001;0
72.202589,,,,,,,,,,,,,72.222577,,,,,,,,,,-0.7000001;-0.7000001;0
72.231639,,,,,,,,,,,,,72.24254,,,,,,,,,,-0.40000004;-0.5500001;0
72.255374,,,,,,,,,,,,,72.262344,,,,,,,,,,-0.10000001;-0.40000004;0
72.280549,,,,,,,,,,,,,72.282264,,,,,,,,,,0.099999994;-0.25;0
72.302243,,,,,,,,,,,,,72.322197,,,,,,,,,,0;-0.10000001;0
72.342116,,,,,,,,,,,,,72.362107
72.379961,,,,,,,,,,,,,72.382082,,,,,,,,,,0;0;0
72.402005,,,,,,,,,,,,,72.421946,,,,,,,,,,-0.1;0;0
72.430558,,,,,,,,,,,,,72.441866,,,,,,,,,,-0.25;0;0
72.455049,,,,,,,,,,,,,72.461767,,,,,,,,,,-0.40000004;0;0
72.480088,,,,,,,,,,,,,72.48185,,,,,,,,,,-0.5500001;0;0
72.501751,,,,,,,,,,,,,72.501742,,,,,,,,,,-0.7000001;0;0
72.522704,,,,,,,,,,,,,72.54264,,,,,,,,,,-0.85000014;0;0
72.562585,,,,,,,,,,,,,72.582511
72.602374,,,,,,,,,,,,,72.622302
72.642292,,,,,,,,,,,,,72.662214,,,,,,,,,,-1;0;0
72.679503,,,,,,,,,,,,,72.682179,,,,,,,,,,-0.84999996;0;0
72.702112,,,,,,,,,,,,,72.722041,,,,,,,,,,-0.6999999;0;0
72.72953,,,,,,,,,,,,,72.742002,,,,,,,,,,-0.5499999;0;0
72.755119,,,,,,,,,,,,,72.761946,,,,,,,,,,-0.39999986;0;0
72.780047,,,,,,,,,,,,,72.781889,,,,,,,,,,-0.24999984;0;0
72.801824,,,,,,,,,,,,,72.82179,,,,,,,,,,-0.19999984;0;0
72.830313,,,,,,,,,,,,,72.842834,,,,,,,,,,-0.34999985;0;0
72.855456,,,,,,,,,,,,,72.861778,,,,,,,,,,-0.49999988;0;0
72.880626,,,,,,,,,,,,,72.882739,,,,,,,,,,-0.6499999;-0.05;0
72.902718,,,,,,,,,,,,,72.92174,,,,,,,,,,-0.79999995;-0.2;0
72.930726,,,,,,,,,,,,,72.942664,,,,,,,,,,-0.95;-0.35000002;0
72.954523,,,,,,,,,,,,,72.961776,,,,,,,,,,-1;-0.50000006;0
72.981717,,,,,,,,,,,,,73.00095,,,,,,,,,,-1;-0.6500001;0
73.006046,,,,,,,,,,,,,73.021865,,,,,,,,,,-1;-0.80000013;0
73.030957,,,,,,,,,,,,,73.041739,,,,,,,,,,-1;-0.95000017;0
73.055046,,,,,,,,,,,,,73.062659,,,,,,,,,,-0.79999995;-1;0
73.080311,,,,,,,,,,,,,73.082611,,,,,,,,,,-0.49999988;-1;0
73.102571,,,,,,,,,,,,,73.122527,,,,,,,,,,-0.19999984;-1;0
73.130249,,,,,,,,,,,,,73.142494,,,,,,,,,,0.05;-0.84999996;0
73.155238,,,,,,,,,,,,,73.162402,,,,,,,,,,0.2;-0.6999999;0
73.179973,,,,,,,,,,,,,73.18181,,,,,,,,,,0.35000002;-0.5499999;0
73.202826,,,,,,,,,,,,,73.221762,,,,,,,,,,0.50000006;-0.39999986;0
73.229487,,,,,,,,,,,,,73.242713,,,,,,,,,,0.6500001;-0.24999984;0
73.254546,,,,,,,,,,,,,73.262638,,,,,,,,,,0.80000013;-0.099999845;0
73.279444,,,,,,,,,,,,,73.282605,,,,,,,,,,0.95000017;0;0
73.302557,,,,,,,,,,,,,73.32222
73.342199,,,,,,,,,,,,,73.362119
73.381879,,,,,,,,,,,,,73.40182
73.421836,,,,,,,,,,,,,73.441795
73.462201,,,,,,,,,,,,,73.481701
73.502663,,,,,,,,,,,,,73.521638
73.542648,,,,,,,,,,,,,73.562585,,,,,,,,,,1;0;0
73.580098,,,,,,,,,,,,,73.581604,,,,,,,,,,0.95;0;0
73.601577,,,,,,,,,,,,,73.601568,,,,,,,,,,0.79999995;0;0
73.622459,,,,,,,,,,,,,73.642381,,,,,,,,,,0.6499999;0;0
73.656413,,,,,,,,,,,,,73.662297,,,,,,,,,,0.49999988;0;0
73.681345,,,,,,,,,,,,,73.681336,,,,,,,,,,0.34999985;0;0
73.702385,,,,,,,,,,,,,73.721401,,,,,,,,,,0.19999984;0;0
73.730518,,,,,,,,,,,,,73.741952,,,,,,,,,,0.049999844;0;0
73.761884,,,,,,,,,,,,,73.781802
73.801777,,,,,,,,,,,,,73.80177
73.822728,,,,,,,,,,,,,73.842662
73.862633,,,,,,,,,,,,,73.882551
73.902496,,,,,,,,,,,,,73.922438
73.941633,,,,,,,,,,,,,73.941627
73.962573,,,,,,,,,,,,,73.982508,,,,,,,,,,0;0;0
74.001909,,,,,,,,,,,,,74.021874,,,,,,,,,,0;0.1;0
74.029294,,,,,,,,,,,,,74.041784,,,,,,,,,,0;0.25;0
74.054328,,,,,,,,,,,,,74.062743,,,,,,,,,,0;0.40000004;0
74.07931,,,,,,,,,,,,,74.082688,,,,,,,,,,0;0.5500001;0
74.102622,,,,,,,,,,,,,74.122588,,,,,,,,,,0;0.7000001;0
74.129336,,,,,,,,,,,,,74.141666,,,,,,,,,,0;0.85000014;0
74.161735,,,,,,,,,,,,,74.181639
74.202549,,,,,,,,,,,,,74.2216,,,,,,,,,,0;1;0
74.230621,,,,,,,,,,,,,74.241667,,,,,,,,,,-0.15;1;0
74.25542,,,,,,,,,,,,,74.261814,,,,,,,,,,-0.3;1;0
74.281105,,,,,,,,,,,,,74.281624,,,,,,,,,,-0.45000005;1;0
74.302597,,,,,,,,,,,,,74.32248,,,,,,,,,,-0.6000001;1;0
74.330654,,,,,,,,,,,,,74.34173,,,,,,,,,,-0.7500001;1;0
74.355548,,,,,,,,,,,,,74.361772,,,,,,,,,,-0.90000015;0.95;0
74.380524,,,,,,,,,,,,,74.38161,,,,,,,,,,-1;0.79999995;0
74.401652,,,,,,,,,,,,,74.401643,,,,,,,,,,-1;0.6499999;0
74.4226,,,,,,,,,,,,,74.441608,,,,,,,,,,-1;0.49999988;0
74.456171,,,,,,,,,,,,,74.462486,,,,,,,,,,-1;0.34999985;0
74.480444,,,,,,,,,,,,,74.481672,,,,,,,,,,-1;0.19999984;0
74.502669,,,,,,,,,,,,,74.522593,,,,,,,,,,-1;0.049999844;0
74.542542,,,,,,,,,,,,,74.562465
74.582413,,,,,,,,,,,,,74.602371
74.604603,,,,,,,,,,,,,74.622164,,,,,,,,,,-1;0;0
74.629519,,,,,,,,,,,,,74.642117,,,,,,,,,,-1;-0.1;0
74.65448,,,,,,,,,,,,,74.661251,,,,,,,,,,-1;-0.25;0
74.679561,,,,,,,,,,,,,74.681471,,,,,,,,,,-1;-0.40000004;0
74.702441,,,,,,,,,,,,,74.722366,,,,,,,,,,-1;-0.5500001;0
74.729713,,,,,,,,,,,,,74.742337,,,,,,,,,,-0.9;-0.7000001;0
74.754274,,,,,,,,,,,,,74.762251,,,,,,,,,,-0.5999999;-0.85000014;0
74.77931,,,,,,,,,,,,,74.782217,,,,,,,,,,-0.29999983;-1;0
74.802171,,,,,,,,,,,,,74.822102,,,,,,,,,,0;-1;0
74.829527,,,,,,,,,,,,,74.84206,,,,,,,,,,0.15;-0.84999996;0
74.854549,,,,,,,,,,,,,74.862002,,,,,,,,,,0.3;-0.6999999;0
74.879275,,,,,,,,,,,,,74.881973,,,,,,,,,,0.45000005;-0.5499999;0
74.901022,,,,,,,,,,,,,74.901018,,,,,,,,,,0.6000001;-0.39999986;0
74.921069,,,,,,,,,,,,,74.921057,,,,,,,,,,0.7500001;-0.24999984;0
74.941178,,,,,,,,,,,,,74.941166,,,,,,,,,,0.90000015;-0.099999845;0
74.962071,,,,,,,,,,,,,74.982064
75.002041,,,,,,,,,,,,,75.021951,,,,,,,,,,1;0;0
75.029863,,,,,,,,,,,,,75.041866,,,,,,,,,,1;0.15;0
75.05487,,,,,,,,,,,,,75.061839,,,,,,,,,,1;0.3;0
75.079487,,,,,,,,,,,,,75.081783,,,,,,,,,,1;0.45000005;0
75.1027,,,,,,,,,,,,,75.122672,,,,,,,,,,1;0.6000001;0
75.129676,,,,,,,,,,,,,75.142591,,,,,,,,,,0.9;0.7500001;0
75.154518,,,,,,,,,,,,,75.162555,,,,,,,,,,0.6999999;0.90000015;0
75.179218,,,,,,,,,,,,,75.18248,,,,,,,,,,0.39999986;1;0
75.202424,,,,,,,,,,,,,75.222343,,,,,,,,,,0.099999845;1;0
75.229413,,,,,,,,,,,,,75.242307,,,,,,,,,,-0.10000016;0.95;0
75.254297,,,,,,,,,,,,,75.262256,,,,,,,,,,-0.25000015;0.79999995;0
75.279285,,,,,,,,,,,,,75.282228,,,,,,,,,,-0.40000018;0.6499999;0
75.302168,,,,,,,,,,,,,75.322101,,,,,,,,,,-0.5500002;0.49999988;0
75.329422,,,,,,,,,,,,,75.342085,,,,,,,,,,-0.7000002;0.34999985;0
75.354326,,,,,,,,,,,,,75.362059,,,,,,,,,,-0.85000026;0.19999984;0
75.379474,,,,,,,,,,,,,75.381904,,,,,,,,,,-1;0.049999844;0
75.401838,,,,,,,,,,,,,75.421798
75.441737,,,,,,,,,,,,,75.441731,,,,,,,,,,-1;0;0,,,,,,,,,,,,,,,,,,,,,,,,,,,,,,,,,,,,,,,,,,,,,,2022-03-27 20:45:08.022723
75.462451,,,,,,,,,,,,,75.482391,,,,,,,,,,-1;-0.1;0
75.502332,,,,,,,,,,,,,75.502326,,,,,,,,,,-1;-0.25;0
75.522358,,,,,,,,,,,,,75.542272,,,,,,,,,,-1;-0.40000004;0
75.554376,,,,,,,,,,,,,75.562177,,,,,,,,,,-1;-0.5500001;0
75.58024,,,,,,,,,,,,,75.582217,,,,,,,,,,-0.95;-0.7000001;0
75.602197,,,,,,,,,,,,,75.621446,,,,,,,,,,-0.79999995;-0.85000014;0
75.630148,,,,,,,,,,,,,75.641911,,,,,,,,,,-0.6499999;-1;0
75.655055,,,,,,,,,,,,,75.660966,,,,,,,,,,-0.39999986;-0.9;0
75.680076,,,,,,,,,,,,,75.681857,,,,,,,,,,-0.099999845;-0.74999994;0
75.700932,,,,,,,,,,,,,75.700923,,,,,,,,,,0.1;-0.5999999;0
75.720977,,,,,,,,,,,,,75.720969,,,,,,,,,,0.25;-0.44999987;0
75.741061,,,,,,,,,,,,,75.741053,,,,,,,,,,0.40000004;-0.29999983;0
75.761791,,,,,,,,,,,,,75.781644,,,,,,,,,,0.5500001;-0.14999984;0
75.802564,,,,,,,,,,,,,75.822516,,,,,,,,,,0.7000001;0;0
75.829365,,,,,,,,,,,,,75.842461,,,,,,,,,,0.85000014;0;0
75.854405,,,,,,,,,,,,,75.86239,,,,,,,,,,1;0;0
75.879226,,,,,,,,,,,,,75.882338,,,,,,,,,,1;0.1;0
75.902311,,,,,,,,,,,,,75.921376,,,,,,,,,,1;0.25;0
75.929501,,,,,,,,,,,,,75.942308,,,,,,,,,,1;0.40000004;0
75.954429,,,,,,,,,,,,,75.962271,,,,,,,,,,1;0.5500001;0
75.97949,,,,,,,,,,,,,75.982199,,,,,,,,,,1;0.7000001;0
76.002128,,,,,,,,,,,,,76.022109,,,,,,,,,,1;0.85000014;0
76.029313,,,,,,,,,,,,,76.042062,,,,,,,,,,0.9;1;0
76.054461,,,,,,,,,,,,,76.061972,,,,,,,,,,0.5999999;1;0
76.079454,,,,,,,,,,,,,76.081934,,,,,,,,,,0.29999983;0.9;0
76.10191,,,,,,,,,,,,,76.121893,,,,,,,,,,-1.5646219e-07;0.74999994;0
76.129267,,,,,,,,,,,,,76.141939,,,,,,,,,,-0.15000015;0.5999999;0
76.156239,,,,,,,,,,,,,76.161886,,,,,,,,,,-0.30000016;0.44999987;0
76.180496,,,,,,,,,,,,,76.181873,,,,,,,,,,-0.4500002;0.29999983;0
76.202897,,,,,,,,,,,,,76.221498,,,,,,,,,,-0.6000002;0.14999984;0
76.230322,,,,,,,,,,,,,76.242409,,,,,,,,,,-0.75000024;0;0
76.254834,,,,,,,,,,,,,76.262354,,,,,,,,,,-0.9000003;0;0
76.279768,,,,,,,,,,,,,76.282309,,,,,,,,,,-1;0;0
76.302249,,,,,,,,,,,,,76.32222,,,,,,,,,,-1;-0.15;0
76.330529,,,,,,,,,,,,,76.342132,,,,,,,,,,-1;-0.3;0
76.354968,,,,,,,,,,,,,76.36207,,,,,,,,,,-1;-0.45000005;0
76.380216,,,,,,,,,,,,,76.382028,,,,,,,,,,-0.84999996;-0.6000001;0
76.402013,,,,,,,,,,,,,76.421908,,,,,,,,,,-0.6999999;-0.7500001;0
76.430024,,,,,,,,,,,,,76.441909,,,,,,,,,,-0.5499999;-0.90000015;0
76.455579,,,,,,,,,,,,,76.461025,,,,,,,,,,-0.29999983;-1;0
76.480339,,,,,,,,,,,,,76.481927,,,,,,,,,,0;-0.84999996;0
76.501875,,,,,,,,,,,,,76.5218,,,,,,,,,,0.15;-0.6999999;0
76.530214,,,,,,,,,,,,,76.541756,,,,,,,,,,0.3;-0.5499999;0
76.554995,,,,,,,,,,,,,76.562722,,,,,,,,,,0.45000005;-0.39999986;0
76.57996,,,,,,,,,,,,,76.582637,,,,,,,,,,0.6000001;-0.24999984;0
76.60259,,,,,,,,,,,,,76.62256,,,,,,,,,,0.7500001;-0.099999845;0
76.63009,,,,,,,,,,,,,76.642519,,,,,,,,,,0.90000015;0.050000157;0
76.655768,,,,,,,,,,,,,76.66248,,,,,,,,,,1;0.20000015;0
76.679853,,,,,,,,,,,,,76.682411,,,,,,,,,,1;0.35000017;0
76.702362,,,,,,,,,,,,,76.722304,,,,,,,,,,1;0.5000002;0
76.729915,,,,,,,,,,,,,76.742244,,,,,,,,,,1;0.6500002;0
76.754483,,,,,,,,,,,,,76.762196,,,,,,,,,,1;0.80000025;0
76.780011,,,,,,,,,,,,,76.782136,,,,,,,,,,0.79999995;0.9500003;0
76.802095,,,,,,,,,,,,,76.822056,,,,,,,,,,0.49999988;0.95;0
76.830343,,,,,,,,,,,,,76.841999,,,,,,,,,,0.19999984;0.79999995;0
76.854141,,,,,,,,,,,,,76.861021,,,,,,,,,,-0.050000157;0.6499999;0
76.880123,,,,,,,,,,,,,76.882025,,,,,,,,,,-0.20000015;0.49999988;0
76.901986,,,,,,,,,,,,,76.920979,,,,,,,,,,-0.35000017;0.34999985;0
76.930763,,,,,,,,,,,,,76.941022,,,,,,,,,,-0.5000002;0.19999984;0
76.955692,,,,,,,,,,,,,76.961088,,,,,,,,,,-0.6500002;0.049999844;0
76.980991,,,,,,,,,,,,,76.982036,,,,,,,,,,-0.80000025;0;0
77.00201,,,,,,,,,,,,,77.021501,,,,,,,,,,-0.9500003;0;0
77.042652,,,,,,,,,,,,,77.062496,,,,,,,,,,-1;0;0
77.080073,,,,,,,,,,,,,77.082445,,,,,,,,,,-1;-0.15;0
77.102417,,,,,,,,,,,,,77.122351,,,,,,,,,,-0.9;-0.3;0
77.129893,,,,,,,,,,,,,77.142302,,,,,,,,,,-0.74999994;-0.45000005;0
77.154907,,,,,,,,,,,,,77.162228,,,,,,,,,,-0.5999999;-0.6000001;0
77.179456,,,,,,,,,,,,,77.181988,,,,,,,,,,-0.44999987;-0.7500001;0
77.20151,,,,,,,,,,,,,77.201504,,,,,,,,,,-0.29999983;-0.90000015;0
77.222481,,,,,,,,,,,,,77.242417,,,,,,,,,,-0.099999845;-1;0
77.254957,,,,,,,,,,,,,77.262352,,,,,,,,,,0.1;-0.84999996;0
77.280091,,,,,,,,,,,,,77.282312,,,,,,,,,,0.25;-0.6999999;0
77.302263,,,,,,,,,,,,,77.322231,,,,,,,,,,0.40000004;-0.5499999;0
77.329507,,,,,,,,,,,,,77.342152,,,,,,,,,,0.5500001;-0.39999986;0
77.355045,,,,,,,,,,,,,77.362107,,,,,,,,,,0.7000001;-0.24999984;0
77.379686,,,,,,,,,,,,,77.382037,,,,,,,,,,0.85000014;-0.099999845;0
77.402019,,,,,,,,,,,,,77.421099
77.442068,,,,,,,,,,,,,77.461993
77.481572,,,,,,,,,,,,,77.481906,,,,,,,,,,1;0;0
77.501921,,,,,,,,,,,,,77.521834,,,,,,,,,,0.95;0;0
77.529894,,,,,,,,,,,,,77.541828,,,,,,,,,,0.79999995;0;0
77.55439,,,,,,,,,,,,,77.561713,,,,,,,,,,0.6499999;0.15;0
77.579362,,,,,,,,,,,,,77.582644,,,,,,,,,,0.49999988;0.3;0
77.602629,,,,,,,,,,,,,77.622527,,,,,,,,,,0.34999985;0.45000005;0
77.629376,,,,,,,,,,,,,77.642297,,,,,,,,,,0.19999984;0.6000001;0
77.65455,,,,,,,,,,,,,77.661321,,,,,,,,,,0.049999844;0.7500001;0
77.679994,,,,,,,,,,,,,77.681348,,,,,,,,,,-0.05;0.90000015;0
77.701411,,,,,,,,,,,,,77.701402,,,,,,,,,,-0.2;0.7500001;0
77.722334,,,,,,,,,,,,,77.741878,,,,,,,,,,-0.35000002;0.6000001;0
77.755234,,,,,,,,,,,,,77.761846,,,,,,,,,,-0.50000006;0.45000005;0
77.779604,,,,,,,,,,,,,77.781761,,,,,,,,,,-0.6500001;0.3;0
77.80271,,,,,,,,,,,,,77.822659,,,,,,,,,,-0.80000013;0.15;0
77.829969,,,,,,,,,,,,,77.842589,,,,,,,,,,-0.95000017;7.450581e-09;0
77.854467,,,,,,,,,,,,,77.862547,,,,,,,,,,-0.95;0;0
77.87942,,,,,,,,,,,,,77.882504,,,,,,,,,,-0.79999995;0;0
77.902447,,,,,,,,,,,,,77.922385,,,,,,,,,,-0.6499999;0;0
77.929462,,,,,,,,,,,,,77.942344,,,,,,,,,,-0.49999988;0;0
77.95426,,,,,,,,,,,,,77.962278,,,,,,,,,,-0.34999985;0;0
77.979372,,,,,,,,,,,,,77.982245,,,,,,,,,,-0.19999984;0;0
78.002193,,,,,,,,,,,,,78.022116,,,,,,,,,,-0.049999844;0;0
78.042073,,,,,,,,,,,,,78.062009
78.081042,,,,,,,,,,,,,78.081037
78.101064,,,,,,,,,,,,,78.101058
78.121146,,,,,,,,,,,,,78.121132
78.142075,,,,,,,,,,,,,78.161122
78.181174,,,,,,,,,,,,,78.181165
78.202173,,,,,,,,,,,,,78.222059
78.241089,,,,,,,,,,,,,78.241081
78.261273,,,,,,,,,,,,,78.261265
78.281479,,,,,,,,,,,,,78.28147
78.30243,,,,,,,,,,,,,78.322344
78.342292,,,,,,,,,,,,,78.362266
78.382227,,,,,,,,,,,,,78.402154
78.42214,,,,,,,,,,,,,78.442053
78.461309,,,,,,,,,,,,,78.481302
78.502263,,,,,,,,,,,,,78.502258
78.522341,,,,,,,,,,,,,78.542168
78.562088,,,,,,,,,,,,,78.582053
78.601805,,,,,,,,,,,,,78.601799
78.622739,,,,,,,,,,,,,78.642706
78.662645,,,,,,,,,,,,,78.681701
78.702643,,,,,,,,,,,,,78.722596
78.742569,,,,,,,,,,,,,78.762532
78.782459,,,,,,,,,,,,,78.802385
78.821423,,,,,,,,,,,,,78.821417
78.841506,,,,,,,,,,,,,78.841499
78.86249,,,,,,,,,,,,,78.882407
78.902423,,,,,,,,,,,,,78.922393
78.941392,,,,,,,,,,,,,78.941378
78.962373,,,,,,,,,,,,,78.981599
79.002476,,,,,,,,,,,,,79.022217
79.041462,,,,,,,,,,,,,79.041446
79.062422,,,,,,,,,,,,,79.0824
79.102308,,,,,,,,,,,,,79.122247
79.142204,,,,,,,,,,,,,79.162137
79.182092,,,,,,,,,,,,,79.201477
79.222379,,,,,,,,,,,,,79.242341
79.262277,,,,,,,,,,,,,79.282237
79.302169,,,,,,,,,,,,,79.322123
79.342054,,,,,,,,,,,,,79.362003
79.381959,,,,,,,,,,,,,79.401582
79.422537,,,,,,,,,,,,,79.441611
79.462522,,,,,,,,,,,,,79.482498
79.50241,,,,,,,,,,,,,79.522352
79.542297,,,,,,,,,,,,,79.561379
79.581425,,,,,,,,,,,,,79.601399
79.622367,,,,,,,,,,,,,79.642269
79.662148,,,,,,,,,,,,,79.6821
79.702007,,,,,,,,,,,,,79.721082
79.742084,,,,,,,,,,,,,79.761836
79.781513,,,,,,,,,,,,,79.781505
79.802465,,,,,,,,,,,,,79.822369
79.842316,,,,,,,,,,,,,79.86229
79.882215,,,,,,,,,,,,,79.902153
79.922104,,,,,,,,,,,,,79.941201
79.96215,,,,,,,,,,,,,79.982086
80.00161,,,,,,,,,,,,,80.001604
80.022357,,,,,,,,,,,,,80.0423
80.062244,,,,,,,,,,,,,80.082194
80.10215,,,,,,,,,,,,,80.1221
80.142072,,,,,,,,,,,,,80.161865
80.181863,,,,,,,,,,,,,80.201811
80.221783,,,,,,,,,,,,,80.221774
80.24287,,,,,,,,,,,,,80.261975
80.282927,,,,,,,,,,,,,80.301017
80.322013,,,,,,,,,,,,,80.341908
80.361993,,,,,,,,,,,,,80.381889
80.401795,,,,,,,,,,,,,80.421666
80.441667,,,,,,,,,,,,,80.441652
80.46194,,,,,,,,,,,,,80.481032
80.501926,,,,,,,,,,,,,80.52187
80.54178,,,,,,,,,,,,,80.56174
80.58268,,,,,,,,,,,,,80.602626
80.62254,,,,,,,,,,,,,80.642528
80.662266,,,,,,,,,,,,,80.682221
80.701993,,,,,,,,,,,,,80.720962
80.741887,,,,,,,,,,,,,80.761841
80.781795,,,,,,,,,,,,,80.78179
80.802753,,,,,,,,,,,,,80.822668
80.842623,,,,,,,,,,,,,80.862567
80.882502,,,,,,,,,,,,,80.882495
80.902529,,,,,,,,,,,,,80.922478
80.941608,,,,,,,,,,,,,80.941598
80.962543,,,,,,,,,,,,,80.981613
81.002589,,,,,,,,,,,,,81.021451
81.042371,,,,,,,,,,,,,81.062316
